date,time,steps
2021-11-11,00:01,58
2021-11-11,00:06,5
2021-11-11,00:09,61
2021-11-11,00:14,5
2021-11-11,00:17,61
2021-11-11,00:22,5
2021-11-11,00:25,61
2021-11-11,00:30,5
2021-11-11,00:33,61
2021-11-11,00:38,5
2021-11-11,00:41,61
2021-11-11,00:46,5
2021-11-11,00:49,62
2021-11-11,00:54,5
2021-11-11,00:57,61
2021-11-11,01:02,5
2021-11-11,01:05,62
2021-11-11,01:10,5
2021-11-11,01:13,62
2021-11-11,01:18,5
2021-11-11,01:21,60
2021-11-11,01:26,5
2021-11-11,01:29,62
2021-11-11,01:34,5
2021-11-11,01:37,60
2021-11-11,01:42,5
2021-11-11,01:45,62
2021-11-11,01:50,5
2021-11-11,01:53,62
2021-11-11,01:58,5
2021-11-11,02:01,62
2021-11-11,02:06,5
2021-11-11,02:09,62
2021-11-11,02:14,5
2021-11-11,02:17,62
2021-11-11,02:22,5
2021-11-11,02:25,62
2021-11-11,02:30,5
2021-11-11,02:33,62
2021-11-11,02:38,5
2021-11-11,02:41,62
2021-11-11,02:46,5
2021-11-11,02:49,60
2021-11-11,02:54,5
2021-11-11,02:57,62
2021-11-11,03:02,5
2021-11-11,03:05,62
2021-11-11,03:10,5
2021-11-11,03:13,62
2021-11-11,03:18,5
2021-11-11,03:21,62
2021-11-11,03:26,5
2021-11-11,03:29,60
2021-11-11,03:34,5
2021-11-11,03:37,62
2021-11-11,03:42,5
2021-11-11,03:45,62
2021-11-11,03:50,5
2021-11-11,03:53,62
2021-11-11,03:58,5
2021-11-11,04:01,60
2021-11-11,04:06,5
2021-11-11,04:09,60
2021-11-11,04:14,5
2021-11-11,04:17,62
2021-11-11,04:22,5
2021-11-11,04:25,62
2021-11-11,04:30,5
2021-11-11,04:33,62
2021-11-11,04:38,5
2021-11-11,04:41,60
2021-11-11,04:46,5
2021-11-11,04:49,62
2021-11-11,04:54,5
2021-11-11,04:57,60
2021-11-11,05:02,5
2021-11-11,05:05,62
2021-11-11,05:10,5
2021-11-11,05:13,62
2021-11-11,05:18,5
2021-11-11,05:21,62
2021-11-11,05:26,5
2021-11-11,05:29,60
2021-11-11,05:34,5
2021-11-11,05:37,60
2021-11-11,05:42,5
2021-11-11,05:45,62
2021-11-11,05:50,5
2021-11-11,05:53,62
2021-11-11,05:58,5
2021-11-11,06:01,62
2021-11-11,06:06,5
2021-11-11,06:09,60
2021-11-11,06:14,5
2021-11-11,06:17,60
2021-11-11,06:22,5
2021-11-11,06:25,62
2021-11-11,06:30,5
2021-11-11,06:33,60
2021-11-11,06:38,5
2021-11-11,06:41,62
2021-11-11,06:46,5
2021-11-11,06:49,62
2021-11-11,06:54,5
2021-11-11,06:57,60
2021-11-11,07:02,5
2021-11-11,07:05,60
2021-11-11,07:10,5
2021-11-11,07:13,62
2021-11-11,07:18,5
2021-11-11,07:21,62
2021-11-11,07:26,5
2021-11-11,07:29,60
2021-11-11,07:34,5
2021-11-11,07:37,62
2021-11-11,07:42,5
2021-11-11,07:45,62
2021-11-11,07:50,5
2021-11-11,07:53,62
2021-11-11,07:58,5
2021-11-11,08:01,62
2021-11-11,08:06,5
2021-11-11,08:09,62
2021-11-11,08:14,5
2021-11-11,08:17,60
2021-11-11,08:22,5
2021-11-11,08:25,62
2021-11-11,08:30,5
2021-11-11,08:33,62
2021-11-11,08:38,5
2021-11-11,08:41,62
2021-11-11,08:46,5
2021-11-11,08:49,60
2021-11-11,08:54,5
2021-11-11,08:57,62
2021-11-11,09:02,5
2021-11-11,09:05,60
2021-11-11,09:10,5
2021-11-11,09:13,62
2021-11-11,09:18,5
2021-11-11,09:21,62
2021-11-11,09:26,5
2021-11-11,09:29,60
2021-11-11,09:34,5
2021-11-11,09:37,62
2021-11-11,09:42,5
2021-11-11,09:45,62
2021-11-11,09:50,5
2021-11-11,09:53,62
2021-11-11,09:58,5
2021-11-11,10:01,62
2021-11-11,10:06,5
2021-11-11,10:09,62
2021-11-11,10:14,5
2021-11-11,10:17,62
2021-11-11,10:22,5
2021-11-11,10:25,62
2021-11-11,10:30,5
2021-11-11,10:33,62
2021-11-11,10:38,5
2021-11-11,10:41,62
2021-11-11,10:46,5
2021-11-11,10:49,60
2021-11-11,10:54,5
2021-11-11,10:57,60
2021-11-11,11:02,5
2021-11-11,11:05,60
2021-11-11,11:10,5
2021-11-11,11:13,60
2021-11-11,11:18,5
2021-11-11,11:21,62
2021-11-11,11:26,5
2021-11-11,11:29,60
2021-11-11,11:34,5
2021-11-11,11:37,60
2021-11-11,11:42,5
2021-11-11,11:45,62
2021-11-11,11:50,5
2021-11-11,11:53,62
2021-11-11,11:58,5
2021-11-11,12:01,60
2021-11-11,12:06,5
2021-11-11,12:09,62
2021-11-11,12:14,5
2021-11-11,12:17,62
2021-11-11,12:22,5
2021-11-11,12:25,60
2021-11-11,12:30,5
2021-11-11,12:33,60
2021-11-11,12:38,5
2021-11-11,12:41,62
2021-11-11,12:46,5
2021-11-11,12:49,60
2021-11-11,12:54,5
2021-11-11,12:57,60
2021-11-11,13:02,5
2021-11-11,13:05,60
2021-11-11,13:10,5
2021-11-11,13:13,62
2021-11-11,13:18,5
2021-11-11,13:21,62
2021-11-11,13:26,5
2021-11-11,13:29,62
2021-11-11,13:34,5
2021-11-11,13:37,62
2021-11-11,13:42,5
2021-11-11,13:45,60
2021-11-11,13:50,5
2021-11-11,13:53,60
2021-11-11,13:58,5
2021-11-11,14:01,62
2021-11-11,14:06,5
2021-11-11,14:09,60
2021-11-11,14:14,5
2021-11-11,14:17,62
2021-11-11,14:22,5
2021-11-11,14:25,62
2021-11-11,14:30,5
2021-11-11,14:33,62
2021-11-11,14:38,5
2021-11-11,14:41,62
2021-11-11,14:46,5
2021-11-11,14:49,62
2021-11-11,14:54,5
2021-11-11,14:57,60
2021-11-11,15:02,5
2021-11-11,15:05,60
2021-11-11,15:10,5
2021-11-11,15:13,62
2021-11-11,15:18,5
2021-11-11,15:21,60
2021-11-11,15:26,5
2021-11-11,15:29,62
2021-11-11,15:34,5
2021-11-11,15:37,60
2021-11-11,15:42,5
2021-11-11,15:45,62
2021-11-11,15:50,5
2021-11-11,15:53,62
2021-11-11,15:58,5
2021-11-11,16:01,62
2021-11-11,16:06,5
2021-11-11,16:09,62
2021-11-11,16:14,5
2021-11-11,16:17,62
2021-11-11,16:22,5
2021-11-11,16:25,60
2021-11-11,16:30,5
2021-11-11,16:33,62
2021-11-11,16:38,5
2021-11-11,16:41,62
2021-11-11,16:46,5
2021-11-11,16:49,62
2021-11-11,16:54,5
2021-11-11,16:57,62
2021-11-11,17:02,5
2021-11-11,17:05,62
2021-11-11,17:10,5
2021-11-11,17:13,62
2021-11-11,17:18,5
2021-11-11,17:21,60
2021-11-11,17:26,5
2021-11-11,17:29,62
2021-11-11,17:34,5
2021-11-11,17:37,62
2021-11-11,17:42,5
2021-11-11,17:45,62
2021-11-11,17:50,5
2021-11-11,17:53,62
2021-11-11,17:58,5
2021-11-11,18:01,60
2021-11-11,18:06,5
2021-11-11,18:09,62
2021-11-11,18:14,5
2021-11-11,18:17,62
2021-11-11,18:22,5
2021-11-11,18:25,60
2021-11-11,18:30,5
2021-11-11,18:33,62
2021-11-11,18:38,5
2021-11-11,18:41,62
2021-11-11,18:46,5
2021-11-11,18:49,60
2021-11-11,18:54,5
2021-11-11,18:57,62
2021-11-11,19:02,5
2021-11-11,19:05,62
2021-11-11,19:10,5
2021-11-11,19:13,60
2021-11-11,19:18,5
2021-11-11,19:21,62
2021-11-11,19:26,5
2021-11-11,19:29,62
2021-11-11,19:34,5
2021-11-11,19:37,62
2021-11-11,19:42,5
2021-11-11,19:45,60
2021-11-11,19:50,5
2021-11-11,19:53,62
2021-11-11,19:58,5
2021-11-11,20:01,62
2021-11-11,20:06,5
2021-11-11,20:09,62
2021-11-11,20:14,5
2021-11-11,20:17,60
2021-11-11,20:22,5
2021-11-11,20:25,62
2021-11-11,20:30,5
2021-11-11,20:33,62
2021-11-11,20:38,5
2021-11-11,20:41,60
2021-11-11,20:46,5
2021-11-11,20:49,62
2021-11-11,20:54,5
2021-11-11,20:57,62
2021-11-11,21:02,5
2021-11-11,21:05,62
2021-11-11,21:10,5
2021-11-11,21:13,62
2021-11-11,21:18,5
2021-11-11,21:21,62
2021-11-11,21:26,5
2021-11-11,21:29,62
2021-11-11,21:34,5
2021-11-11,21:37,60
2021-11-11,21:42,5
2021-11-11,21:45,60
2021-11-11,21:50,5
2021-11-11,21:53,62
2021-11-11,21:58,5
2021-11-11,22:01,62
2021-11-11,22:06,5
2021-11-11,22:09,60
2021-11-11,22:14,5
2021-11-11,22:17,62
2021-11-11,22:22,5
2021-11-11,22:25,60
2021-11-11,22:30,5
2021-11-11,22:33,62
2021-11-11,22:38,5
2021-11-11,22:41,60
2021-11-11,22:46,5
2021-11-11,22:49,60
2021-11-11,22:54,5
2021-11-11,22:57,62
2021-11-11,23:02,5
2021-11-11,23:05,62
2021-11-11,23:10,5
2021-11-11,23:13,62
2021-11-11,23:18,5
2021-11-11,23:21,62
2021-11-11,23:26,5
2021-11-11,23:29,62
2021-11-11,23:34,5
2021-11-11,23:37,62
2021-11-11,23:42,5
2021-11-11,23:45,60
2021-11-11,23:50,5
2021-11-11,23:53,62
2021-11-11,23:58,5
2021-11-11,24:01,62
2021-11-11,24:06,5
2021-11-11,24:09,62
2021-11-11,24:14,5
2021-11-11,24:17,62
2021-11-11,24:22,5
2021-11-11,24:25,60
2021-11-11,24:30,5
2021-11-11,24:33,62
2021-11-11,24:38,5
2021-11-11,24:41,62
2021-11-11,24:46,5
2021-11-11,24:49,60
2021-11-11,24:54,5
2021-11-11,24:57,60
2021-11-11,25:02,5
2021-11-11,25:05,60
2021-11-11,25:10,5
2021-11-11,25:13,62
2021-11-11,25:18,5
2021-11-11,25:21,60
2021-11-11,25:26,5
2021-11-11,25:29,62
2021-11-11,25:34,5
2021-11-11,25:37,62
2021-11-11,25:42,5
2021-11-11,25:45,60
2021-11-11,25:50,5
2021-11-11,25:53,62
2021-11-11,25:58,5
2021-11-11,26:01,62
2021-11-11,26:06,5
2021-11-11,26:09,62
2021-11-11,26:14,5
2021-11-11,26:17,62
2021-11-11,26:22,5
2021-11-11,26:25,62
2021-11-11,26:30,5
2021-11-11,26:33,62
2021-11-11,26:38,5
2021-11-11,26:41,62
2021-11-11,26:46,5
2021-11-11,26:49,62
2021-11-11,26:54,5
2021-11-11,26:57,62
2021-11-11,27:02,5
2021-11-11,27:05,62
2021-11-11,27:10,5
2021-11-11,27:13,60
2021-11-11,27:18,5
2021-11-11,27:21,62
2021-11-11,27:26,5
2021-11-11,27:29,60
2021-11-11,27:34,5
2021-11-11,27:37,62
2021-11-11,27:42,5
2021-11-11,27:45,62
2021-11-11,27:50,5
2021-11-11,27:53,60
2021-11-11,27:58,5
2021-11-11,28:01,62
2021-11-11,28:06,5
2021-11-11,28:09,62
2021-11-11,28:14,5
2021-11-11,28:17,60
2021-11-11,28:22,5
2021-11-11,28:25,60
2021-11-11,28:30,5
2021-11-11,28:33,62
2021-11-11,28:38,5
2021-11-11,28:41,62
2021-11-11,28:46,5
2021-11-11,28:49,60
2021-11-11,28:54,5
2021-11-11,28:57,60
2021-11-11,29:02,5
2021-11-11,29:05,60
2021-11-11,29:10,5
2021-11-11,29:13,62
2021-11-11,29:18,5
2021-11-11,29:21,60
2021-11-11,29:26,5
2021-11-11,29:29,60
2021-11-11,29:34,5
2021-11-11,29:37,60
2021-11-11,29:42,5
2021-11-11,29:45,60
2021-11-11,29:50,5
2021-11-11,29:53,60
2021-11-11,29:58,5
2021-11-11,30:01,62
2021-11-11,30:06,5
2021-11-11,30:09,62
2021-11-11,30:14,5
2021-11-11,30:17,60
2021-11-11,30:22,5
2021-11-11,30:25,60
2021-11-11,30:30,5
2021-11-11,30:33,60
2021-11-11,30:38,5
2021-11-11,30:41,62
2021-11-11,30:46,5
2021-11-11,30:49,62
2021-11-11,30:54,5
2021-11-11,30:57,62
2021-11-11,31:02,5
2021-11-11,31:05,60
2021-11-11,31:10,5
2021-11-11,31:13,62
2021-11-11,31:18,5
2021-11-11,31:21,60
2021-11-11,31:26,5
2021-11-11,31:29,62
2021-11-11,31:34,5
2021-11-11,31:37,62
2021-11-11,31:42,5
2021-11-11,31:45,60
2021-11-11,31:50,5
2021-11-11,31:53,60
2021-11-11,31:58,5
2021-11-11,32:01,60
2021-11-11,32:06,5
2021-11-11,32:09,62
2021-11-11,32:14,5
2021-11-11,32:17,60
2021-11-11,32:22,5
2021-11-11,32:25,60
2021-11-11,32:30,5
2021-11-11,32:33,62
2021-11-11,32:38,5
2021-11-11,32:41,60
2021-11-11,32:46,5
2021-11-11,32:49,60
2021-11-11,32:54,5
2021-11-11,32:57,62
2021-11-11,33:02,5
2021-11-11,33:05,62
2021-11-11,33:10,5
2021-11-11,33:13,62
2021-11-11,33:18,5
2021-11-11,33:21,62
2021-11-11,33:26,5
2021-11-11,33:29,62
2021-11-11,33:34,5
2021-11-11,33:37,62
2021-11-11,33:42,5
2021-11-11,33:45,60
2021-11-11,33:50,5
2021-11-11,33:53,62
2021-11-11,33:58,5
2021-11-11,34:01,62
2021-11-11,34:06,5
2021-11-11,34:09,62
2021-11-11,34:14,5
2021-11-11,34:17,62
2021-11-11,34:22,5
2021-11-11,34:25,62
2021-11-11,34:30,5
2021-11-11,34:33,60
2021-11-11,34:38,5
2021-11-11,34:41,60
2021-11-11,34:46,5
2021-11-11,34:49,60
2021-11-11,34:54,5
2021-11-11,34:57,62
2021-11-11,35:02,5
2021-11-11,35:05,60
2021-11-11,35:10,5
2021-11-11,35:13,62
2021-11-11,35:18,5
2021-11-11,35:21,60
2021-11-11,35:26,5
2021-11-11,35:29,62
2021-11-11,35:34,5
2021-11-11,35:37,60
2021-11-11,35:42,5
2021-11-11,35:45,60
2021-11-11,35:50,5
2021-11-11,35:53,62
2021-11-11,35:58,5
2021-11-11,36:01,60
2021-11-11,36:06,5
2021-11-11,36:09,62
2021-11-11,36:14,5
2021-11-11,36:17,60
2021-11-11,36:22,5
2021-11-11,36:25,62
2021-11-11,36:30,5
2021-11-11,36:33,62
2021-11-11,36:38,5
2021-11-11,36:41,57
2021-11-11,36:45,2
2021-11-11,36:46,5
2021-11-11,36:49,59
2021-11-11,36:53,3
2021-11-11,36:54,5
2021-11-11,36:57,58
2021-11-11,37:01,7
2021-11-11,37:02,5
2021-11-11,37:05,51
2021-11-11,37:10,5
2021-11-11,37:13,48
2021-11-11,37:17,3
2021-11-11,37:18,5
2021-11-11,37:21,34
2021-11-11,37:25,5
2021-11-11,37:26,5
2021-11-11,37:29,27
2021-11-11,37:34,5
2021-11-11,37:37,41
2021-11-11,37:38,115
2021-11-11,37:42,5
2021-11-11,37:45,44
2021-11-11,37:46,115
2021-11-11,37:49,6
2021-11-11,37:50,5
2021-11-11,37:53,53
2021-11-11,37:58,5
2021-11-11,38:01,43
2021-11-11,38:06,5
2021-11-11,38:09,49
2021-11-11,38:13,6
2021-11-11,38:14,5
2021-11-11,38:17,47
2021-11-11,38:22,5
2021-11-11,38:25,44
2021-11-11,38:30,5
2021-11-11,38:33,43
2021-11-11,38:38,5
2021-11-11,38:41,54
2021-11-11,38:46,5
2021-11-11,38:49,59
2021-11-11,38:54,5
2021-11-11,38:57,58
2021-11-11,39:02,5
2021-11-11,39:05,59
2021-11-11,39:10,5
2021-11-11,39:13,61
2021-11-11,39:18,5
2021-11-11,39:21,61
2021-11-11,39:26,5
2021-11-11,39:29,61
2021-11-11,39:34,5
2021-11-11,39:37,59
2021-11-11,39:42,5
2021-11-11,39:45,61
2021-11-11,39:50,5
2021-11-11,39:53,62
2021-11-11,39:58,5
2021-11-11,40:01,61
2021-11-11,40:06,5
2021-11-11,40:09,62
2021-11-11,40:14,5
2021-11-11,40:17,61
2021-11-11,40:22,5
2021-11-11,40:25,62
2021-11-11,40:30,5
2021-11-11,40:33,62
2021-11-11,40:37,2
2021-11-11,40:38,5
2021-11-11,40:41,60
2021-11-11,40:45,3
2021-11-11,40:46,5
2021-11-11,40:49,59
2021-11-11,40:54,5
2021-11-11,40:57,51
2021-11-11,41:02,5
2021-11-11,41:05,51
2021-11-11,41:10,5
2021-11-11,41:13,35
2021-11-11,41:18,5
2021-11-11,41:21,33
2021-11-11,41:26,5
2021-11-11,41:29,40
2021-11-11,41:30,115
2021-11-11,41:34,5
2021-11-11,41:37,46
2021-11-11,41:41,2
2021-11-11,41:42,5
2021-11-11,41:45,53
2021-11-11,41:50,5
2021-11-11,41:53,53
2021-11-11,41:58,5
2021-11-11,42:01,56
2021-11-11,42:06,5
2021-11-11,42:09,59
2021-11-11,42:14,5
2021-11-11,42:17,59
2021-11-11,42:22,5
2021-11-11,42:25,59
2021-11-11,42:30,5
2021-11-11,42:33,60
2021-11-11,42:37,2
2021-11-11,42:38,5
2021-11-11,42:41,57
2021-11-11,42:46,5
2021-11-11,42:49,58
2021-11-11,42:54,5
2021-11-11,42:57,58
2021-11-11,43:02,5
2021-11-11,43:05,54
2021-11-11,43:09,6
2021-11-11,43:10,5
2021-11-11,43:13,45
2021-11-11,43:18,5
2021-11-11,43:21,45
2021-11-11,43:25,2
2021-11-11,43:26,5
2021-11-11,43:29,42
2021-11-11,43:33,2
2021-11-11,43:34,5
2021-11-11,43:37,45
2021-11-11,43:42,5
2021-11-11,43:45,34
2021-11-11,43:50,5
2021-11-11,43:53,39
2021-11-11,43:58,5
2021-11-11,44:01,34
2021-11-11,44:02,115
2021-11-11,44:06,5
2021-11-11,44:09,30
2021-11-11,44:10,115
2021-11-11,44:14,5
2021-11-11,44:17,29
2021-11-11,44:18,115
2021-11-11,44:22,5
2021-11-11,44:25,38
2021-11-11,44:26,115
2021-11-11,44:30,5
2021-11-11,44:33,33
2021-11-11,44:34,115
2021-11-11,44:38,5
2021-11-11,44:41,48
2021-11-11,44:46,5
2021-11-11,44:49,56
2021-11-11,44:54,5
2021-11-11,44:57,55
2021-11-11,45:01,2
2021-11-11,45:02,5
2021-11-11,45:05,55
2021-11-11,45:09,45
2021-11-11,45:10,5
2021-11-11,45:13,19
2021-11-11,45:18,5
2021-11-11,45:21,25
2021-11-11,45:26,5
2021-11-11,45:29,25
2021-11-11,45:30,115
2021-11-11,45:33,4
2021-11-11,45:34,5
2021-11-11,45:37,33
2021-11-11,45:38,115
2021-11-11,45:42,5
2021-11-11,45:45,45
2021-11-11,45:46,115
2021-11-11,45:50,5
2021-11-11,45:53,52
2021-11-11,45:58,5
2021-11-11,46:01,58
2021-11-11,46:06,5
2021-11-11,46:09,60
2021-11-11,46:14,5
2021-11-11,46:17,60
2021-11-11,46:22,5
2021-11-11,46:25,61
2021-11-11,46:30,5
2021-11-11,46:33,61
2021-11-11,46:38,5
2021-11-11,46:41,61
2021-11-11,46:46,5
2021-11-11,46:49,61
2021-11-11,46:54,5
2021-11-11,46:57,60
2021-11-11,47:02,5
2021-11-11,47:05,60
2021-11-11,47:10,5
2021-11-11,47:13,59
2021-11-11,47:18,5
2021-11-11,47:21,59
2021-11-11,47:26,5
2021-11-11,47:29,60
2021-11-11,47:34,5
2021-11-11,47:37,59
2021-11-11,47:42,5
2021-11-11,47:45,61
2021-11-11,47:49,4
2021-11-11,47:50,5
2021-11-11,47:53,60
2021-11-11,47:58,5
2021-11-11,48:01,50
2021-11-11,48:06,5
2021-11-11,48:09,55
2021-11-11,48:14,5
2021-11-11,48:17,49
2021-11-11,48:21,24
2021-11-11,48:22,5
2021-11-11,48:25,42
2021-11-11,48:29,35
2021-11-11,48:30,5
2021-11-11,48:33,15
2021-11-11,48:34,80
2021-11-11,48:35,77
2021-11-11,48:37,39
2021-11-11,48:38,5
2021-11-11,48:41,2
2021-11-11,48:42,96
2021-11-11,48:43,63
2021-11-11,48:45,30
2021-11-11,48:46,5
2021-11-11,48:49,1
2021-11-11,48:50,80
2021-11-11,48:51,65
2021-11-11,48:53,9
2021-11-11,48:54,5
2021-11-11,48:58,92
2021-11-11,48:59,58
2021-11-11,49:02,5
2021-11-11,49:06,80
2021-11-11,49:07,68
2021-11-11,49:09,10
2021-11-11,49:10,5
2021-11-11,49:14,96
2021-11-11,49:15,67
2021-11-11,49:17,19
2021-11-11,49:18,5
2021-11-11,49:22,1
2021-11-11,49:23,68
2021-11-11,49:25,62
2021-11-11,49:26,5
2021-11-11,49:30,80
2021-11-11,49:31,78
2021-11-11,49:33,16
2021-11-11,49:34,5
2021-11-11,49:38,80
2021-11-11,49:39,67
2021-11-11,49:41,64
2021-11-11,49:42,7
2021-11-11,49:46,96
2021-11-11,49:47,82
2021-11-11,49:49,41
2021-11-11,49:50,5
2021-11-11,49:54,96
2021-11-11,49:55,91
2021-11-11,49:57,19
2021-11-11,49:58,7
2021-11-11,50:02,80
2021-11-11,50:03,89
2021-11-11,50:05,28
2021-11-11,50:06,5
2021-11-11,50:08,12
2021-11-11,50:10,1
2021-11-11,50:11,69
2021-11-11,50:13,7
2021-11-11,50:14,7
2021-11-11,50:18,80
2021-11-11,50:19,67
2021-11-11,50:21,46
2021-11-11,50:22,5
2021-11-11,50:26,80
2021-11-11,50:27,85
2021-11-11,50:29,40
2021-11-11,50:30,7
2021-11-11,50:34,96
2021-11-11,50:35,74
2021-11-11,50:37,24
2021-11-11,50:38,5
2021-11-11,50:42,80
2021-11-11,50:43,69
2021-11-11,50:45,20
2021-11-11,50:46,5
2021-11-11,50:50,80
2021-11-11,50:51,81
2021-11-11,50:53,18
2021-11-11,50:54,7
2021-11-11,50:58,80
2021-11-11,50:59,73
2021-11-11,51:01,9
2021-11-11,51:02,5
2021-11-11,51:06,80
2021-11-11,51:07,64
2021-11-11,51:09,23
2021-11-11,51:10,5
2021-11-11,51:14,80
2021-11-11,51:15,72
2021-11-11,51:17,15
2021-11-11,51:18,5
2021-11-11,51:22,80
2021-11-11,51:23,61
2021-11-11,51:25,16
2021-11-11,51:26,5
2021-11-11,51:30,80
2021-11-11,51:31,74
2021-11-11,51:33,48
2021-11-11,51:34,5
2021-11-11,51:38,96
2021-11-11,51:39,68
2021-11-11,51:41,11
2021-11-11,51:42,5
2021-11-11,51:46,80
2021-11-11,51:47,68
2021-11-11,51:49,20
2021-11-11,51:50,5
2021-11-11,51:54,80
2021-11-11,51:55,77
2021-11-11,51:57,60
2021-11-11,51:58,5
2021-11-11,52:02,80
2021-11-11,52:03,80
2021-11-11,52:06,5
2021-11-11,52:10,80
2021-11-11,52:11,73
2021-11-11,52:13,35
2021-11-11,52:14,5
2021-11-11,52:17,1
2021-11-11,52:18,80
2021-11-11,52:19,70
2021-11-11,52:21,34
2021-11-11,52:22,5
2021-11-11,52:26,80
2021-11-11,52:27,95
2021-11-11,52:29,44
2021-11-11,52:30,7
2021-11-11,52:34,80
2021-11-11,52:35,70
2021-11-11,52:37,33
2021-11-11,52:38,5
2021-11-11,52:42,80
2021-11-11,52:43,64
2021-11-11,52:45,12
2021-11-11,52:46,5
2021-11-11,52:50,96
2021-11-11,52:51,64
2021-11-11,52:53,6
2021-11-11,52:54,5
2021-11-11,52:58,96
2021-11-11,52:59,60
2021-11-11,53:01,23
2021-11-11,53:02,5
2021-11-11,53:06,96
2021-11-11,53:07,63
2021-11-11,53:09,24
2021-11-11,53:10,7
2021-11-11,53:14,96
2021-11-11,53:15,66
2021-11-11,53:17,28
2021-11-11,53:18,5
2021-11-11,53:22,96
2021-11-11,53:23,73
2021-11-11,53:25,45
2021-11-11,53:26,5
2021-11-11,53:29,1
2021-11-11,53:30,96
2021-11-11,53:31,62
2021-11-11,53:33,24
2021-11-11,53:34,5
2021-11-11,53:38,80
2021-11-11,53:39,71
2021-11-11,53:41,11
2021-11-11,53:42,5
2021-11-11,53:44,25
2021-11-11,53:46,16
2021-11-11,53:47,87
2021-11-11,53:49,11
2021-11-11,53:50,5
2021-11-11,53:54,80
2021-11-11,53:55,68
2021-11-11,53:57,10
2021-11-11,53:58,5
2021-11-11,54:02,80
2021-11-11,54:03,62
2021-11-11,54:05,47
2021-11-11,54:06,5
2021-11-11,54:10,80
2021-11-11,54:11,63
2021-11-11,54:13,45
2021-11-11,54:14,5
2021-11-11,54:18,80
2021-11-11,54:19,78
2021-11-11,54:21,31
2021-11-11,54:22,5
2021-11-11,54:26,17
2021-11-11,54:27,76
2021-11-11,54:29,24
2021-11-11,54:30,7
2021-11-11,54:34,96
2021-11-11,54:35,68
2021-11-11,54:37,27
2021-11-11,54:38,5
2021-11-11,54:42,96
2021-11-11,54:43,86
2021-11-11,54:45,21
2021-11-11,54:46,7
2021-11-11,54:50,96
2021-11-11,54:51,93
2021-11-11,54:53,1
2021-11-11,54:54,5
2021-11-11,54:58,80
2021-11-11,54:59,66
2021-11-11,55:01,54
2021-11-11,55:02,7
2021-11-11,55:06,80
2021-11-11,55:07,74
2021-11-11,55:09,48
2021-11-11,55:10,5
2021-11-11,55:14,83
2021-11-11,55:18,5
2021-11-11,55:21,1
2021-11-11,55:22,115
2021-11-11,55:26,5
2021-11-11,55:29,8
2021-11-11,55:30,115
2021-11-11,55:34,5
2021-11-11,55:37,25
2021-11-11,55:38,115
2021-11-11,55:42,5
2021-11-11,55:45,45
2021-11-11,55:46,115
2021-11-11,55:50,5
2021-11-11,55:53,54
2021-11-11,55:58,5
2021-11-11,56:01,60
2021-11-11,56:06,5
2021-11-11,56:09,61
2021-11-11,56:14,5
2021-11-11,56:17,60
2021-11-11,56:22,5
2021-11-11,56:25,61
2021-11-11,56:30,5
2021-11-11,56:33,61
2021-11-11,56:38,5
2021-11-11,56:41,60
2021-11-11,56:46,5
2021-11-11,56:49,60
2021-11-11,56:54,5
2021-11-11,56:57,61
2021-11-11,57:02,5
2021-11-11,57:05,57
2021-11-11,57:10,5
2021-11-11,57:13,54
2021-11-11,57:18,5
2021-11-11,57:21,58
2021-11-11,57:26,5
2021-11-11,57:29,59
2021-11-11,57:33,2
2021-11-11,57:34,5
2021-11-11,57:37,58
2021-11-11,57:41,4
2021-11-11,57:42,5
2021-11-11,57:45,56
2021-11-11,57:49,4
2021-11-11,57:50,5
2021-11-11,57:53,39
2021-11-11,57:58,5
2021-11-11,58:01,31
2021-11-11,58:06,5
2021-11-11,58:09,40
2021-11-11,58:10,115
2021-11-11,58:14,5
2021-11-11,58:17,24
2021-11-11,58:18,115
2021-11-11,58:21,5
2021-11-11,58:22,5
2021-11-11,58:25,28
2021-11-11,58:26,115
2021-11-11,58:30,5
2021-11-11,58:33,42
2021-11-11,58:34,115
2021-11-11,58:37,1
2021-11-11,58:38,5
2021-11-11,58:41,45
2021-11-11,58:46,5
2021-11-11,58:49,53
2021-11-11,58:53,2
2021-11-11,58:54,5
2021-11-11,58:57,42
2021-11-11,59:02,5
2021-11-11,59:05,54
2021-11-11,59:09,1
2021-11-11,59:10,5
2021-11-11,59:13,54
2021-11-11,59:18,5
2021-11-11,59:21,54
2021-11-11,59:25,14
2021-11-11,59:26,5
2021-11-11,59:29,41
2021-11-11,59:34,5
2021-11-11,59:37,54
2021-11-11,59:42,5
2021-11-11,59:45,41
2021-11-11,59:50,5
2021-11-11,59:53,40
2021-11-11,59:58,5
2021-11-11,60:01,45
2021-11-11,60:05,3
2021-11-11,60:06,5
2021-11-11,60:09,51
2021-11-11,60:13,1
2021-11-11,60:14,5
2021-11-11,60:17,53
2021-11-11,60:22,5
2021-11-11,60:25,54
2021-11-11,60:30,5
2021-11-11,60:33,58
2021-11-11,60:37,1
2021-11-11,60:38,5
2021-11-11,60:41,60
2021-11-11,60:46,5
2021-11-11,60:49,58
2021-11-11,60:54,5
2021-11-11,60:57,60
2021-11-11,61:01,3
2021-11-11,61:02,5
2021-11-11,61:05,61
2021-11-11,61:10,5
2021-11-11,61:13,58
2021-11-11,61:18,5
2021-11-11,61:21,61
2021-11-11,61:26,5
2021-11-11,61:29,61
2021-11-11,61:34,5
2021-11-11,61:37,60
2021-11-11,61:42,5
2021-11-11,61:45,60
2021-11-11,61:50,5
2021-11-11,61:53,57
2021-11-11,61:57,6
2021-11-11,61:58,5
2021-11-11,62:01,55
2021-11-11,62:06,5
2021-11-11,62:09,45
2021-11-11,62:14,5
2021-11-11,62:17,44
2021-11-11,62:22,5
2021-11-11,62:25,47
2021-11-11,62:30,5
2021-11-11,62:33,53
2021-11-11,62:38,5
2021-11-11,62:41,58
2021-11-11,62:45,2
2021-11-11,62:46,5
2021-11-11,62:49,59
2021-11-11,62:54,5
2021-11-11,62:57,58
2021-11-11,63:01,54
2021-11-11,63:02,5
2021-11-11,63:05,56
2021-11-11,63:07,65
2021-11-11,63:09,66
2021-11-11,63:10,7
2021-11-11,63:12,18
2021-11-11,63:13,3
2021-11-11,63:15,83
2021-11-11,63:17,43
2021-11-11,63:18,5
2021-11-11,63:21,2
2021-11-11,63:22,96
2021-11-11,63:23,70
2021-11-11,63:25,70
2021-11-11,63:26,5
2021-11-11,63:29,1
2021-11-11,63:30,80
2021-11-11,63:31,69
2021-11-11,63:33,30
2021-11-11,63:34,5
2021-11-11,63:38,80
2021-11-11,63:39,71
2021-11-11,63:41,24
2021-11-11,63:42,5
2021-11-11,63:46,80
2021-11-11,63:47,67
2021-11-11,63:49,12
2021-11-11,63:50,5
2021-11-11,63:54,80
2021-11-11,63:55,81
2021-11-11,63:57,14
2021-11-11,63:58,5
2021-11-12,00:02,96
2021-11-12,00:03,73
2021-11-12,00:05,33
2021-11-12,00:06,5
2021-11-12,00:10,80
2021-11-12,00:11,70
2021-11-12,00:13,10
2021-11-12,00:14,5
2021-11-12,00:18,80
2021-11-12,00:19,65
2021-11-12,00:21,15
2021-11-12,00:22,5
2021-11-12,00:26,80
2021-11-12,00:27,62
2021-11-12,00:29,30
2021-11-12,00:30,5
2021-11-12,00:34,80
2021-11-12,00:35,64
2021-11-12,00:37,56
2021-11-12,00:38,5
2021-11-12,00:42,80
2021-11-12,00:43,70
2021-11-12,00:45,25
2021-11-12,00:46,7
2021-11-12,00:50,80
2021-11-12,00:51,59
2021-11-12,00:53,22
2021-11-12,00:54,5
2021-11-12,00:58,80
2021-11-12,00:59,62
2021-11-12,01:01,31
2021-11-12,01:02,7
2021-11-12,01:04,49
2021-11-12,01:06,16
2021-11-12,01:07,77
2021-11-12,01:09,32
2021-11-12,01:10,7
2021-11-12,01:14,96
2021-11-12,01:15,64
2021-11-12,01:17,41
2021-11-12,01:18,7
2021-11-12,01:22,80
2021-11-12,01:23,74
2021-11-12,01:25,50
2021-11-12,01:26,7
2021-11-12,01:30,80
2021-11-12,01:31,71
2021-11-12,01:33,50
2021-11-12,01:34,7
2021-11-12,01:38,80
2021-11-12,01:39,75
2021-11-12,01:41,37
2021-11-12,01:42,7
2021-11-12,01:46,80
2021-11-12,01:47,68
2021-11-12,01:49,34
2021-11-12,01:50,7
2021-11-12,01:54,80
2021-11-12,01:55,70
2021-11-12,01:57,60
2021-11-12,01:58,7
2021-11-12,02:02,80
2021-11-12,02:03,74
2021-11-12,02:05,50
2021-11-12,02:06,7
2021-11-12,02:10,80
2021-11-12,02:11,68
2021-11-12,02:13,45
2021-11-12,02:14,7
2021-11-12,02:16,3
2021-11-12,02:18,80
2021-11-12,02:19,74
2021-11-12,02:21,47
2021-11-12,02:22,7
2021-11-12,02:26,80
2021-11-12,02:27,68
2021-11-12,02:29,50
2021-11-12,02:30,7
2021-11-12,02:34,80
2021-11-12,02:35,69
2021-11-12,02:37,35
2021-11-12,02:38,7
2021-11-12,02:42,80
2021-11-12,02:43,74
2021-11-12,02:45,37
2021-11-12,02:46,5
2021-11-12,02:50,80
2021-11-12,02:51,62
2021-11-12,02:53,38
2021-11-12,02:54,5
2021-11-12,02:58,80
2021-11-12,02:59,59
2021-11-12,03:01,37
2021-11-12,03:02,5
2021-11-12,03:06,80
2021-11-12,03:07,65
2021-11-12,03:09,24
2021-11-12,03:10,5
2021-11-12,03:14,80
2021-11-12,03:15,69
2021-11-12,03:17,17
2021-11-12,03:18,5
2021-11-12,03:22,80
2021-11-12,03:23,63
2021-11-12,03:25,32
2021-11-12,03:26,5
2021-11-12,03:30,80
2021-11-12,03:31,60
2021-11-12,03:33,30
2021-11-12,03:34,5
2021-11-12,03:38,80
2021-11-12,03:39,68
2021-11-12,03:41,21
2021-11-12,03:42,5
2021-11-12,03:46,80
2021-11-12,03:47,56
2021-11-12,03:49,26
2021-11-12,03:50,5
2021-11-12,03:54,83
2021-11-12,03:55,61
2021-11-12,03:57,8
2021-11-12,03:58,7
2021-11-12,04:02,115
2021-11-12,04:06,5
2021-11-12,04:09,7
2021-11-12,04:10,115
2021-11-12,04:14,5
2021-11-12,04:17,26
2021-11-12,04:18,115
2021-11-12,04:22,5
2021-11-12,04:25,42
2021-11-12,04:26,115
2021-11-12,04:30,5
2021-11-12,04:33,55
2021-11-12,04:38,5
2021-11-12,04:41,59
2021-11-12,04:46,5
2021-11-12,04:49,61
2021-11-12,04:54,5
2021-11-12,04:57,61
2021-11-12,05:02,5
2021-11-12,05:05,61
2021-11-12,05:10,5
2021-11-12,05:13,61
2021-11-12,05:18,5
2021-11-12,05:21,61
2021-11-12,05:26,5
2021-11-12,05:29,61
2021-11-12,05:34,5
2021-11-12,05:37,62
2021-11-12,05:42,5
2021-11-12,05:45,62
2021-11-12,05:50,5
2021-11-12,05:53,62
2021-11-12,05:58,5
2021-11-12,06:01,62
2021-11-12,06:06,5
2021-11-12,06:09,62
2021-11-12,06:14,5
2021-11-12,06:17,62
2021-11-12,06:22,5
2021-11-12,06:25,62
2021-11-12,06:30,5
2021-11-12,06:33,62
2021-11-12,06:38,5
2021-11-12,06:41,62
2021-11-12,06:46,5
2021-11-12,06:49,62
2021-11-12,06:54,5
2021-11-12,06:57,62
2021-11-12,07:02,5
2021-11-12,07:05,62
2021-11-12,07:10,5
2021-11-12,07:13,62
2021-11-12,07:18,5
2021-11-12,07:21,62
2021-11-12,07:26,5
2021-11-12,07:29,62
2021-11-12,07:34,5
2021-11-12,07:37,62
2021-11-12,07:42,5
2021-11-12,07:45,62
2021-11-12,07:50,5
2021-11-12,07:53,62
2021-11-12,07:58,5
2021-11-12,08:01,62
2021-11-12,08:06,5
2021-11-12,08:09,62
2021-11-12,08:14,5
2021-11-12,08:17,62
2021-11-12,08:22,5
2021-11-12,08:25,62
2021-11-12,08:30,5
2021-11-12,08:33,62
2021-11-12,08:38,5
2021-11-12,08:41,62
2021-11-12,08:46,5
2021-11-12,08:49,62
2021-11-12,08:54,5
2021-11-12,08:57,62
2021-11-12,09:02,5
2021-11-12,09:05,62
2021-11-12,09:10,5
2021-11-12,09:13,62
2021-11-12,09:18,5
2021-11-12,09:21,62
2021-11-12,09:26,5
2021-11-12,09:29,62
2021-11-12,09:34,5
2021-11-12,09:37,62
2021-11-12,09:42,5
2021-11-12,09:45,62
2021-11-12,09:50,5
2021-11-12,09:53,62
2021-11-12,09:58,5
2021-11-12,10:01,62
2021-11-12,10:06,5
2021-11-12,10:09,62
2021-11-12,10:14,5
2021-11-12,10:17,62
2021-11-12,10:22,5
2021-11-12,10:25,62
2021-11-12,10:30,5
2021-11-12,10:33,62
2021-11-12,10:38,5
2021-11-12,10:41,62
2021-11-12,10:46,5
2021-11-12,10:49,62
2021-11-12,10:54,5
2021-11-12,10:57,62
2021-11-12,11:02,5
2021-11-12,11:05,62
2021-11-12,11:10,5
2021-11-12,11:13,62
2021-11-12,11:18,5
2021-11-12,11:21,62
2021-11-12,11:26,5
2021-11-12,11:29,62
2021-11-12,11:34,5
2021-11-12,11:37,62
2021-11-12,11:42,5
2021-11-12,11:45,62
2021-11-12,11:50,5
2021-11-12,11:53,62
2021-11-12,11:58,5
2021-11-12,12:01,62
2021-11-12,12:06,5
2021-11-12,12:09,62
2021-11-12,12:14,5
2021-11-12,12:17,62
2021-11-12,12:22,5
2021-11-12,12:25,62
2021-11-12,12:30,5
2021-11-12,12:33,62
2021-11-12,12:38,5
2021-11-12,12:41,62
2021-11-12,12:46,5
2021-11-12,12:49,62
2021-11-12,12:54,5
2021-11-12,12:57,62
2021-11-12,13:02,5
2021-11-12,13:05,62
2021-11-12,13:10,5
2021-11-12,13:13,62
2021-11-12,13:18,5
2021-11-12,13:21,62
2021-11-12,13:26,5
2021-11-12,13:29,62
2021-11-12,13:34,5
2021-11-12,13:37,62
2021-11-12,13:42,5
2021-11-12,13:45,62
2021-11-12,13:50,5
2021-11-12,13:53,62
2021-11-12,13:58,5
2021-11-12,14:01,62
2021-11-12,14:06,5
2021-11-12,14:09,62
2021-11-12,14:14,5
2021-11-12,14:17,62
2021-11-12,14:22,5
2021-11-12,14:25,62
2021-11-12,14:30,5
2021-11-12,14:33,62
2021-11-12,14:38,5
2021-11-12,14:41,62
2021-11-12,14:46,5
2021-11-12,14:49,62
2021-11-12,14:54,5
2021-11-12,14:57,62
2021-11-12,15:02,5
2021-11-12,15:05,62
2021-11-12,15:10,5
2021-11-12,15:13,62
2021-11-12,15:18,5
2021-11-12,15:21,62
2021-11-12,15:26,5
2021-11-12,15:29,62
2021-11-12,15:34,5
2021-11-12,15:37,62
2021-11-12,15:42,5
2021-11-12,15:45,62
2021-11-12,15:50,5
2021-11-12,15:53,62
2021-11-12,15:58,5
2021-11-12,16:01,62
2021-11-12,16:06,5
2021-11-12,16:09,62
2021-11-12,16:14,5
2021-11-12,16:17,62
2021-11-12,16:22,5
2021-11-12,16:25,62
2021-11-12,16:30,5
2021-11-12,16:33,62
2021-11-12,16:38,5
2021-11-12,16:41,62
2021-11-12,16:46,5
2021-11-12,16:49,62
2021-11-12,16:54,5
2021-11-12,16:57,62
2021-11-12,17:02,5
2021-11-12,17:05,62
2021-11-12,17:10,5
2021-11-12,17:13,62
2021-11-12,17:18,5
2021-11-12,17:21,62
2021-11-12,17:26,5
2021-11-12,17:29,62
2021-11-12,17:34,5
2021-11-12,17:37,62
2021-11-12,17:42,5
2021-11-12,17:45,62
2021-11-12,17:50,5
2021-11-12,17:53,62
2021-11-12,17:58,5
2021-11-12,18:01,62
2021-11-12,18:06,5
2021-11-12,18:09,62
2021-11-12,18:14,5
2021-11-12,18:17,62
2021-11-12,18:22,5
2021-11-12,18:25,62
2021-11-12,18:30,5
2021-11-12,18:33,62
2021-11-12,18:38,5
2021-11-12,18:41,62
2021-11-12,18:46,5
2021-11-12,18:49,62
2021-11-12,18:54,5
2021-11-12,18:57,62
2021-11-12,19:02,5
2021-11-12,19:05,62
2021-11-12,19:10,5
2021-11-12,19:13,62
2021-11-12,19:18,5
2021-11-12,19:21,62
2021-11-12,19:26,5
2021-11-12,19:29,62
2021-11-12,19:34,5
2021-11-12,19:37,62
2021-11-12,19:42,5
2021-11-12,19:45,62
2021-11-12,19:50,5
2021-11-12,19:53,62
2021-11-12,19:58,5
2021-11-12,20:01,62
2021-11-12,20:06,5
2021-11-12,20:09,62
2021-11-12,20:14,5
2021-11-12,20:17,62
2021-11-12,20:22,5
2021-11-12,20:25,62
2021-11-12,20:30,5
2021-11-12,20:33,62
2021-11-12,20:38,5
2021-11-12,20:41,62
2021-11-12,20:46,5
2021-11-12,20:49,62
2021-11-12,20:54,5
2021-11-12,20:57,62
2021-11-12,21:02,5
2021-11-12,21:05,62
2021-11-12,21:10,5
2021-11-12,21:13,62
2021-11-12,21:18,5
2021-11-12,21:21,62
2021-11-12,21:26,5
2021-11-12,21:29,62
2021-11-12,21:34,5
2021-11-12,21:37,62
2021-11-12,21:42,5
2021-11-12,21:45,62
2021-11-12,21:50,5
2021-11-12,21:53,62
2021-11-12,21:58,5
2021-11-12,22:01,62
2021-11-12,22:06,5
2021-11-12,22:09,62
2021-11-12,22:14,5
2021-11-12,22:17,62
2021-11-12,22:22,5
2021-11-12,22:25,62
2021-11-12,22:30,5
2021-11-12,22:33,62
2021-11-12,22:38,5
2021-11-12,22:41,62
2021-11-12,22:46,5
2021-11-12,22:49,62
2021-11-12,22:54,5
2021-11-12,22:57,62
2021-11-12,23:02,5
2021-11-12,23:05,62
2021-11-12,23:10,5
2021-11-12,23:13,62
2021-11-12,23:18,5
2021-11-12,23:21,62
2021-11-12,23:26,5
2021-11-12,23:29,62
2021-11-12,23:34,5
2021-11-12,23:37,62
2021-11-12,23:42,5
2021-11-12,23:45,62
2021-11-12,23:50,5
2021-11-12,23:53,62
2021-11-12,23:58,5
2021-11-12,24:01,62
2021-11-12,24:06,5
2021-11-12,24:09,62
2021-11-12,24:14,5
2021-11-12,24:17,62
2021-11-12,24:22,5
2021-11-12,24:25,62
2021-11-12,24:30,5
2021-11-12,24:33,62
2021-11-12,24:38,5
2021-11-12,24:41,62
2021-11-12,24:46,5
2021-11-12,24:49,62
2021-11-12,24:54,5
2021-11-12,24:57,62
2021-11-12,25:02,5
2021-11-12,25:05,62
2021-11-12,25:10,5
2021-11-12,25:13,62
2021-11-12,25:18,5
2021-11-12,25:21,62
2021-11-12,25:26,5
2021-11-12,25:29,62
2021-11-12,25:34,5
2021-11-12,25:37,62
2021-11-12,25:42,5
2021-11-12,25:45,62
2021-11-12,25:50,5
2021-11-12,25:53,62
2021-11-12,25:58,5
2021-11-12,26:01,62
2021-11-12,26:06,5
2021-11-12,26:09,62
2021-11-12,26:14,5
2021-11-12,26:17,62
2021-11-12,26:22,5
2021-11-12,26:25,62
2021-11-12,26:30,5
2021-11-12,26:33,62
2021-11-12,26:38,5
2021-11-12,26:41,62
2021-11-12,26:46,5
2021-11-12,26:49,62
2021-11-12,26:54,5
2021-11-12,26:57,62
2021-11-12,27:02,5
2021-11-12,27:05,62
2021-11-12,27:10,5
2021-11-12,27:13,62
2021-11-12,27:18,5
2021-11-12,27:21,62
2021-11-12,27:26,5
2021-11-12,27:29,62
2021-11-12,27:34,5
2021-11-12,27:37,62
2021-11-12,27:42,5
2021-11-12,27:45,62
2021-11-12,27:50,5
2021-11-12,27:53,62
2021-11-12,27:58,5
2021-11-12,28:01,62
2021-11-12,28:06,5
2021-11-12,28:09,62
2021-11-12,28:14,5
2021-11-12,28:17,62
2021-11-12,28:22,5
2021-11-12,28:25,62
2021-11-12,28:30,5
2021-11-12,28:33,62
2021-11-12,28:38,5
2021-11-12,28:41,62
2021-11-12,28:46,5
2021-11-12,28:49,62
2021-11-12,28:54,5
2021-11-12,28:57,62
2021-11-12,29:02,5
2021-11-12,29:05,62
2021-11-12,29:10,5
2021-11-12,29:13,62
2021-11-12,29:18,5
2021-11-12,29:21,62
2021-11-12,29:26,5
2021-11-12,29:29,62
2021-11-12,29:34,5
2021-11-12,29:37,62
2021-11-12,29:42,5
2021-11-12,29:45,62
2021-11-12,29:50,5
2021-11-12,29:53,62
2021-11-12,29:58,5
2021-11-12,30:01,62
2021-11-12,30:06,5
2021-11-12,30:09,62
2021-11-12,30:14,5
2021-11-12,30:17,62
2021-11-12,30:22,5
2021-11-12,30:25,62
2021-11-12,30:30,5
2021-11-12,30:33,62
2021-11-12,30:38,5
2021-11-12,30:41,62
2021-11-12,30:46,5
2021-11-12,30:49,62
2021-11-12,30:54,5
2021-11-12,30:57,62
2021-11-12,31:02,5
2021-11-12,31:05,62
2021-11-12,31:10,5
2021-11-12,31:13,62
2021-11-12,31:18,5
2021-11-12,31:21,62
2021-11-12,31:26,5
2021-11-12,31:29,62
2021-11-12,31:34,5
2021-11-12,31:37,62
2021-11-12,31:42,5
2021-11-12,31:45,62
2021-11-12,31:50,5
2021-11-12,31:53,62
2021-11-12,31:58,5
2021-11-12,32:01,62
2021-11-12,32:06,5
2021-11-12,32:09,62
2021-11-12,32:14,5
2021-11-12,32:17,62
2021-11-12,32:22,5
2021-11-12,32:25,62
2021-11-12,32:30,5
2021-11-12,32:33,62
2021-11-12,32:38,5
2021-11-12,32:41,62
2021-11-12,32:46,5
2021-11-12,32:49,62
2021-11-12,32:54,5
2021-11-12,32:57,62
2021-11-12,33:02,5
2021-11-12,33:05,62
2021-11-12,33:10,5
2021-11-12,33:13,62
2021-11-12,33:18,5
2021-11-12,33:21,62
2021-11-12,33:26,5
2021-11-12,33:29,62
2021-11-12,33:34,5
2021-11-12,33:37,62
2021-11-12,33:42,5
2021-11-12,33:45,62
2021-11-12,33:50,5
2021-11-12,33:53,62
2021-11-12,33:58,5
2021-11-12,34:01,62
2021-11-12,34:06,5
2021-11-12,34:09,62
2021-11-12,34:14,5
2021-11-12,34:17,62
2021-11-12,34:22,5
2021-11-12,34:25,62
2021-11-12,34:30,5
2021-11-12,34:33,62
2021-11-12,34:38,5
2021-11-12,34:41,62
2021-11-12,34:46,5
2021-11-12,34:49,62
2021-11-12,34:54,5
2021-11-12,34:57,62
2021-11-12,35:02,5
2021-11-12,35:05,62
2021-11-12,35:10,5
2021-11-12,35:13,62
2021-11-12,35:18,5
2021-11-12,35:21,62
2021-11-12,35:26,5
2021-11-12,35:29,62
2021-11-12,35:34,5
2021-11-12,35:37,62
2021-11-12,35:42,5
2021-11-12,35:45,62
2021-11-12,35:50,5
2021-11-12,35:53,62
2021-11-12,35:58,5
2021-11-12,36:01,62
2021-11-12,36:06,5
2021-11-12,36:09,62
2021-11-12,36:14,5
2021-11-12,36:17,62
2021-11-12,36:22,5
2021-11-12,36:25,62
2021-11-12,36:30,5
2021-11-12,36:33,62
2021-11-12,36:38,5
2021-11-12,36:41,62
2021-11-12,36:46,5
2021-11-12,36:49,62
2021-11-12,36:53,23
2021-11-12,36:54,5
2021-11-12,36:57,59
2021-11-12,37:02,5
2021-11-12,37:05,61
2021-11-12,37:10,5
2021-11-12,37:13,61
2021-11-12,37:18,5
2021-11-12,37:21,61
2021-11-12,37:26,5
2021-11-12,37:29,61
2021-11-12,37:33,3
2021-11-12,37:34,5
2021-11-12,37:37,60
2021-11-12,37:42,5
2021-11-12,37:45,61
2021-11-12,37:50,5
2021-11-12,37:53,61
2021-11-12,37:58,5
2021-11-12,38:01,61
2021-11-12,38:06,5
2021-11-12,38:09,61
2021-11-12,38:14,5
2021-11-12,38:17,61
2021-11-12,38:22,5
2021-11-12,38:25,61
2021-11-12,38:30,5
2021-11-12,38:33,61
2021-11-12,38:38,5
2021-11-12,38:41,60
2021-11-12,38:46,5
2021-11-12,38:49,61
2021-11-12,38:54,5
2021-11-12,38:57,61
2021-11-12,39:02,5
2021-11-12,39:05,61
2021-11-12,39:10,5
2021-11-12,39:13,61
2021-11-12,39:18,5
2021-11-12,39:21,60
2021-11-12,39:26,5
2021-11-12,39:29,61
2021-11-12,39:34,5
2021-11-12,39:37,61
2021-11-12,39:42,5
2021-11-12,39:45,61
2021-11-12,39:50,5
2021-11-12,39:53,61
2021-11-12,39:57,21
2021-11-12,39:58,5
2021-11-12,40:00,7
2021-11-12,40:01,58
2021-11-12,40:06,5
2021-11-12,40:09,59
2021-11-12,40:14,5
2021-11-12,40:17,61
2021-11-12,40:22,5
2021-11-12,40:25,59
2021-11-12,40:30,5
2021-11-12,40:33,60
2021-11-12,40:38,5
2021-11-12,40:41,57
2021-11-12,40:46,5
2021-11-12,40:49,61
2021-11-12,40:54,5
2021-11-12,40:57,61
2021-11-12,41:02,5
2021-11-12,41:05,61
2021-11-12,41:10,5
2021-11-12,41:13,61
2021-11-12,41:18,5
2021-11-12,41:21,59
2021-11-12,41:26,5
2021-11-12,41:29,61
2021-11-12,41:34,5
2021-11-12,41:37,62
2021-11-12,41:42,5
2021-11-12,41:45,62
2021-11-12,41:50,5
2021-11-12,41:53,62
2021-11-12,41:58,5
2021-11-12,42:01,62
2021-11-12,42:06,5
2021-11-12,42:09,62
2021-11-12,42:14,5
2021-11-12,42:17,62
2021-11-12,42:22,5
2021-11-12,42:25,62
2021-11-12,42:30,5
2021-11-12,42:33,62
2021-11-12,42:38,5
2021-11-12,42:41,62
2021-11-12,42:46,5
2021-11-12,42:49,62
2021-11-12,42:54,5
2021-11-12,42:57,62
2021-11-12,43:02,5
2021-11-12,43:05,62
2021-11-12,43:10,5
2021-11-12,43:13,62
2021-11-12,43:18,5
2021-11-12,43:21,60
2021-11-12,43:26,5
2021-11-12,43:29,62
2021-11-12,43:34,5
2021-11-12,43:37,62
2021-11-12,43:42,5
2021-11-12,43:45,62
2021-11-12,43:50,5
2021-11-12,43:53,62
2021-11-12,43:58,5
2021-11-12,44:01,62
2021-11-12,44:06,5
2021-11-12,44:09,60
2021-11-12,44:14,5
2021-11-12,44:17,62
2021-11-12,44:22,5
2021-11-12,44:25,60
2021-11-12,44:30,5
2021-11-12,44:33,60
2021-11-12,44:38,5
2021-11-12,44:41,62
2021-11-12,44:46,5
2021-11-12,44:49,62
2021-11-12,44:54,5
2021-11-12,44:57,60
2021-11-12,45:02,5
2021-11-12,45:05,62
2021-11-12,45:10,5
2021-11-12,45:13,62
2021-11-12,45:18,5
2021-11-12,45:21,62
2021-11-12,45:26,5
2021-11-12,45:29,60
2021-11-12,45:34,5
2021-11-12,45:37,62
2021-11-12,45:42,5
2021-11-12,45:45,62
2021-11-12,45:50,5
2021-11-12,45:53,60
2021-11-12,45:58,5
2021-11-12,46:01,60
2021-11-12,46:06,5
2021-11-12,46:09,62
2021-11-12,46:14,5
2021-11-12,46:17,59
2021-11-12,46:22,5
2021-11-12,46:25,62
2021-11-12,46:30,5
2021-11-12,46:33,62
2021-11-12,46:38,5
2021-11-12,46:41,60
2021-11-12,46:46,5
2021-11-12,46:49,62
2021-11-12,46:54,5
2021-11-12,46:57,60
2021-11-12,47:02,5
2021-11-12,47:05,61
2021-11-12,47:10,5
2021-11-12,47:13,61
2021-11-12,47:18,5
2021-11-12,47:21,56
2021-11-12,47:26,5
2021-11-12,47:29,53
2021-11-12,47:34,5
2021-11-12,47:37,49
2021-11-12,47:42,5
2021-11-12,47:45,52
2021-11-12,47:50,5
2021-11-12,47:53,54
2021-11-12,47:58,5
2021-11-12,48:01,60
2021-11-12,48:06,5
2021-11-12,48:09,61
2021-11-12,48:14,5
2021-11-12,48:17,61
2021-11-12,48:22,5
2021-11-12,48:25,60
2021-11-12,48:30,5
2021-11-12,48:33,61
2021-11-12,48:38,5
2021-11-12,48:41,61
2021-11-12,48:46,5
2021-11-12,48:49,61
2021-11-12,48:54,5
2021-11-12,48:57,61
2021-11-12,49:02,5
2021-11-12,49:05,61
2021-11-12,49:10,5
2021-11-12,49:13,62
2021-11-12,49:18,5
2021-11-12,49:21,61
2021-11-12,49:26,5
2021-11-12,49:29,62
2021-11-12,49:34,5
2021-11-12,49:37,62
2021-11-12,49:42,5
2021-11-12,49:45,62
2021-11-12,49:50,5
2021-11-12,49:53,62
2021-11-12,49:57,47
2021-11-12,49:58,5
2021-11-12,50:01,58
2021-11-12,50:06,5
2021-11-12,50:09,60
2021-11-12,50:14,5
2021-11-12,50:17,59
2021-11-12,50:22,5
2021-11-12,50:25,61
2021-11-12,50:30,5
2021-11-12,50:33,60
2021-11-12,50:38,5
2021-11-12,50:41,57
2021-11-12,50:46,5
2021-11-12,50:49,61
2021-11-12,50:54,5
2021-11-12,50:57,61
2021-11-12,51:02,5
2021-11-12,51:05,61
2021-11-12,51:10,5
2021-11-12,51:13,61
2021-11-12,51:18,5
2021-11-12,51:21,61
2021-11-12,51:26,5
2021-11-12,51:29,61
2021-11-12,51:34,5
2021-11-12,51:37,62
2021-11-12,51:42,5
2021-11-12,51:45,62
2021-11-12,51:50,5
2021-11-12,51:53,62
2021-11-12,51:58,5
2021-11-12,52:01,62
2021-11-12,52:06,5
2021-11-12,52:09,62
2021-11-12,52:14,5
2021-11-12,52:17,62
2021-11-12,52:22,5
2021-11-12,52:25,62
2021-11-12,52:30,5
2021-11-12,52:33,62
2021-11-12,52:37,48
2021-11-12,52:38,5
2021-11-12,52:41,61
2021-11-12,52:43,59
2021-11-12,52:45,89
2021-11-12,52:46,7
2021-11-12,52:48,31
2021-11-12,52:49,12
2021-11-12,52:51,84
2021-11-12,52:53,41
2021-11-12,52:54,7
2021-11-12,52:57,4
2021-11-12,52:58,80
2021-11-12,53:01,46
2021-11-12,53:02,7
2021-11-12,53:05,3
2021-11-12,53:06,80
2021-11-12,53:07,89
2021-11-12,53:09,34
2021-11-12,53:10,7
2021-11-12,53:13,2
2021-11-12,53:14,12
2021-11-12,53:17,112
2021-11-12,53:18,15
2021-11-12,53:20,20
2021-11-12,53:22,16
2021-11-12,53:23,105
2021-11-12,53:25,44
2021-11-12,53:26,7
2021-11-12,53:30,80
2021-11-12,53:31,80
2021-11-12,53:33,68
2021-11-12,53:34,7
2021-11-12,53:38,80
2021-11-12,53:41,58
2021-11-12,53:42,7
2021-11-12,53:46,96
2021-11-12,53:47,64
2021-11-12,53:49,55
2021-11-12,53:50,7
2021-11-12,53:54,80
2021-11-12,53:55,100
2021-11-12,53:57,49
2021-11-12,53:58,7
2021-11-12,54:02,80
2021-11-12,54:03,95
2021-11-12,54:05,42
2021-11-12,54:06,15
2021-11-12,54:10,96
2021-11-12,54:11,106
2021-11-12,54:13,57
2021-11-12,54:14,7
2021-11-12,54:16,15
2021-11-12,54:18,16
2021-11-12,54:19,103
2021-11-12,54:21,64
2021-11-12,54:22,5
2021-11-12,54:26,80
2021-11-12,54:27,73
2021-11-12,54:29,23
2021-11-12,54:30,5
2021-11-12,54:34,83
2021-11-12,54:37,75
2021-11-12,54:38,5
2021-11-12,54:42,112
2021-11-12,54:43,91
2021-11-12,54:45,50
2021-11-12,54:46,7
2021-11-12,54:50,96
2021-11-12,54:51,91
2021-11-12,54:53,103
2021-11-12,54:54,47
2021-11-12,54:56,81
2021-11-12,54:58,33
2021-11-12,54:59,114
2021-11-12,55:01,105
2021-11-12,55:02,47
2021-11-12,55:04,17
2021-11-12,55:06,16
2021-11-12,55:07,108
2021-11-12,55:09,13
2021-11-12,55:10,5
2021-11-12,55:12,38
2021-11-12,55:14,1
2021-11-12,55:15,94
2021-11-12,55:17,27
2021-11-12,55:18,5
2021-11-12,55:20,24
2021-11-12,55:22,1
2021-11-12,55:23,100
2021-11-12,55:25,91
2021-11-12,55:26,39
2021-11-12,55:28,111
2021-11-12,55:30,1
2021-11-12,55:31,98
2021-11-12,55:33,75
2021-11-12,55:34,23
2021-11-12,55:36,7
2021-11-12,55:38,96
2021-11-12,55:39,95
2021-11-12,55:41,54
2021-11-12,55:42,7
2021-11-12,55:46,115
2021-11-12,55:49,106
2021-11-12,55:50,7
2021-11-12,55:52,91
2021-11-12,55:54,3
2021-11-12,55:57,49
2021-11-12,55:58,15
2021-11-12,56:02,115
2021-11-12,56:05,28
2021-11-12,56:06,7
2021-11-12,56:10,115
2021-11-12,56:13,84
2021-11-12,56:14,7
2021-11-12,56:16,27
2021-11-12,56:18,115
2021-11-12,56:21,23
2021-11-12,56:22,5
2021-11-12,56:25,2
2021-11-12,56:26,115
2021-11-12,56:30,5
2021-11-12,56:33,4
2021-11-12,56:34,115
2021-11-12,56:38,5
2021-11-12,56:41,19
2021-11-12,56:42,115
2021-11-12,56:46,5
2021-11-12,56:49,42
2021-11-12,56:50,115
2021-11-12,56:54,5
2021-11-12,56:57,51
2021-11-12,56:58,115
2021-11-12,57:02,5
2021-11-12,57:05,58
2021-11-12,57:10,5
2021-11-12,57:13,61
2021-11-12,57:18,5
2021-11-12,57:21,61
2021-11-12,57:26,5
2021-11-12,57:29,61
2021-11-12,57:34,5
2021-11-12,57:37,61
2021-11-12,57:41,43
2021-11-12,57:42,5
2021-11-12,57:45,61
2021-11-12,57:46,126
2021-11-12,57:54,126
2021-11-12,58:02,126
2021-11-12,58:10,126
2021-11-12,58:18,126
2021-11-12,58:26,126
2021-11-12,58:34,126
2021-11-12,58:42,126
2021-11-12,58:50,126
2021-11-12,58:58,126
2021-11-12,59:06,126
2021-11-12,59:14,126
2021-11-12,59:22,126
2021-11-12,59:30,126
2021-11-12,59:38,126
2021-11-12,59:46,126
2021-11-12,59:54,126
2021-11-12,60:02,126
2021-11-12,60:10,126
2021-11-12,60:18,126
2021-11-12,60:26,126
2021-11-12,60:34,126
2021-11-12,60:42,126
2021-11-12,60:50,126
2021-11-12,60:58,126
2021-11-12,61:06,126
2021-11-12,61:14,126
2021-11-12,61:22,126
2021-11-12,61:30,126
2021-11-12,61:38,126
2021-11-12,61:46,126
2021-11-12,61:54,126
2021-11-12,62:02,126
2021-11-12,62:10,126
2021-11-12,62:18,126
2021-11-12,62:26,126
2021-11-12,62:34,126
2021-11-12,62:42,126
2021-11-12,62:50,126
2021-11-12,62:58,126
2021-11-12,63:06,126
2021-11-12,63:14,126
2021-11-12,63:22,126
2021-11-12,63:30,126
2021-11-12,63:38,126
2021-11-12,63:46,126
2021-11-12,63:54,126
