real_timestamp,Phase
0.299831,-2.6071971768353794
2.93323,0.9272952180016122
3.40686,-2.461071428922579
4.29673,-0.9964914966201949
4.30169,-2.907849472720892
4.34901,1.9100889412489412
4.35344,-2.79856871316909
4.36803,2.5213431676069717
4.38068,-0.5713374798336268
4.3979300000000014,-0.16514867741462683
4.40452,-2.0106389096106327
4.40963,0.0
4.4139800000000005,-0.8288490587889792
4.4184,0.12435499454676144
4.4241199999999985,0.6659692373791098
4.43759,-0.4182243295792291
4.44233,-2.5829933382462307
4.44658,-0.9994588469612699
4.45084,2.704965493776252
4.45485,1.35970299357215
4.4587900000000005,-2.1995926132103296
4.4689,-1.5182132651839548
4.47362,-1.7782925532300993
4.47817,-0.08314123188844123
4.482480000000002,2.396173177315635
4.49066,2.761086276477428
4.49507,-1.3101939350475555
4.49943,-0.5633162614919681
4.50929,-0.16514867741462683
4.51403,2.3086113869153615
4.51809,2.647651284670212
4.52652,1.039072259536091
4.53101,-1.2036224929766774
4.54223,-1.1999050379822342
4.547,1.4056476493802699
4.55161,2.393214606066275
4.5591800000000005,-0.14189705460416394
4.56629,-0.7551044034786732
4.57665,2.158798930342464
4.58671,0.8818719385800352
4.59755,-1.9295669970654687
4.61578,2.896613990462929
4.62721,0.8884797719201485
4.63162,-1.9347752833045406
4.63624,-1.9195673303788037
4.65993,-1.0882830317724197
4.66742,1.9163519073766087
4.6742599999999985,1.7607846147136124
4.68179,-2.000558605891585
4.68677,-0.7551044034786732
4.78144,-2.2058230621852104
4.7935300000000005,-3.061762667877556
4.80551,2.6387494426619322
4.8126,-2.356194490192345
4.82193,-0.5543074962015512
4.85886,2.1341125882868646
4.87528,-0.7266423406817256
4.88991,0.6556956262415362
4.90034,2.1763409903998667
4.91167,0.7853981633974483
4.9161,3.0090411212931194
5.01673,-2.729182211992406
5.05032,-2.8842689386187046
5.05667,-1.1071487177940904
5.1848,-2.5308666892005847
5.20329,-0.09065988720074511
5.2107,-0.4636476090008061
5.2198,0.9272952180016122
5.22659,-1.750649826587375
5.23131,-0.7853981633974483
5.2373,-2.1112158270654806
5.24477,0.49394136891958124
5.37322,-1.892546881191539
5.49455,1.7539071440573808
5.61468,1.1263771168937977
5.6386400000000005,-1.4141944498128813
5.76365,2.691833040519954
5.80186,2.2752903910371143
5.92331,0.2536740961386427
6.04735,-1.380808038876181
6.17324,-1.0040671092713902
6.29525,1.8337910584758161
6.41704,0.5667292175235064
6.53877,-0.906750163968212
6.666739999999999,-0.3332443011116727
6.7659,-1.433730152484709
6.7762600000000015,-2.429235055495464
6.7839100000000006,2.2612427838495885
6.7965300000000015,0.5880026035475675
6.80082,0.17985349979247828
6.91211,1.6107750139181867
6.92453,-2.90604767286893
6.932930000000002,2.5535900500422257
6.9515699999999985,3.0221637275714546
6.96508,0.8408966686431651
7.05695,2.677945044588987
7.0949300000000015,-2.256525837701183
7.1039,0.6823165548747481
7.20631,1.5707963267948966
7.21506,2.2752903910371143
7.22013,1.9437840485949576
7.225,-2.137525544318403
7.23053,1.6262948320406134
7.23441,-1.8662371639386166
7.24867,-1.892546881191539
7.2754699999999985,0.1746721990082397
7.36282,0.870903457075653
7.3719199999999985,-1.7078625011050843
7.379060000000001,1.3521273809209546
7.38542,-0.982793723247329
7.4127399999999986,-0.2536740961386427
7.54098,-1.9576720445259248
7.673389999999999,-0.3970794452249823
7.68115,-2.999695598985629
7.70597,-2.459276098715045
7.824289999999999,1.373400766945016
7.87403,0.35470565201094034
7.9067,-2.3794461130028077
7.999219999999998,-1.849095985800008
8.12565,-0.6202494859828215
8.133569999999999,2.8632929945846817
8.140260000000001,2.117585167684144
8.147639999999999,-1.2277723863741932
8.16067,0.3671738338182192
8.16502,-0.4487233440107211
8.19486,1.5363272257953886
8.22051,-0.07982998571223732
8.27683,2.3794461130028077
8.41491,2.333975924865626
8.54222,-1.849095985800008
8.57085,0.6435011087932844
8.612689999999999,2.8864102629689747
8.654819999999999,1.2610933822524404
8.73378,-1.97568811307998
8.75348,0.7853981633974483
8.76068,1.5707963267948966
8.77092,-1.7590178320996674
8.78058,1.8281200417659853
8.92806,2.9516043656710775
8.9677,2.356194490192345
9.10262,1.039072259536091
9.1433,1.2924966677897853
9.17713,2.297438667476622
9.31873,-2.7532739354173272
9.44776,-2.961739153797315
9.45478,2.1025203940537023
9.4591,-2.516107613350564
9.46433,-0.4636476090008061
9.47546,2.2655346029916
9.47998,-1.1583858851975093
9.4901,-0.5317240672588056
9.49483,2.0344439357957027
9.5094,0.35299038782691045
9.60379,3.0309354324158977
9.63407,-0.5585993153435624
9.67146,1.837048375945822
9.79849,-2.158798930342464
9.83173,-0.5880026035475675
9.967,0.0
10.1047,-2.7091848780192556
10.2307,2.4805494847391065
10.3019,2.999695598985629
10.3885,-1.5707963267948966
10.5154,-2.7928216500058864
10.5428,-2.2655346029916
10.5782,-2.6135182051634334
10.6108,-2.321725389192837
10.7414,0.8224182792713783
10.7684,2.0344439357957027
10.8724,1.9100889412489412
11.0058,1.3258176636680326
11.0305,-2.8785979219088738
11.0667,1.9347752833045406
11.1562,-2.6954871046463897
11.2884,-2.4668517113662407
11.4296,-1.089909046599561
11.5675,2.0344439357957027
11.6069,-1.6775319994440323
11.6341,3.070285188804503
11.715,2.0131705497716417
11.7222,2.3818298987140225
11.7306,-0.9380474917927135
11.7378,-2.7270857790050074
11.7641,2.185459278717062
11.8114,-1.8717165611553217
11.9378,-2.6078844619505315
12.0621,0.09065988720074511
12.1151,-1.446441332248135
12.1381,2.473303234759209
12.1637,1.5707963267948966
12.2907,-0.6240230529767569
12.4153,-0.037020115873930025
12.5426,2.4116929954380617
12.6694,-3.0916342578678506
12.7999,-2.0988707752212563
12.9248,-2.356194490192345
13.0691,-2.770701364777131
13.1041,1.8622531212727638
13.1112,0.6528466311007742
13.1222,-1.6657480331376529
13.1324,3.070285188804503
13.2151,0.10487693873023389
13.2271,-1.042721878368537
13.2316,0.07130746478529032
13.2393,-1.2924966677897853
13.2438,2.907849472720892
13.2487,2.6135182051634334
13.258,-2.8706458032513726
13.2628,-2.8706458032513726
13.2722,2.2531128816696446
13.2768,2.0032041023654346
13.3544,-2.095592098445004
13.362,-1.3986055122719576
13.3695,1.4758446204521403
13.3788,2.5269297016676275
13.3834,2.4186133001883023
13.4428,2.4186133001883023
13.4688,0.4636476090008061
13.6073,2.4416997838705496
13.7376,1.9693187724613168
13.7827,-1.8417431771333173
13.7941,-2.788602265762883
13.8068,0.6202494859828215
13.8237,2.5829933382462307
13.8718,-1.892546881191539
14.0025,0.7509290623979403
14.1529,2.723368324010564
14.1885,1.512040504079174
14.3154,-2.289626326416521
14.4019,1.1071487177940904
14.4485,-3.024483909022929
14.4892,2.65711472455277
14.6149,-1.446441332248135
14.7547,-1.4758446204521403
14.7878,-2.819842099193151
14.8292,-0.17985349979247828
14.9611,-2.2318394956455836
15.1012,-0.4475199751571699
15.1125,2.483704048407583
15.1172,1.642103791580187
15.1236,0.18311081726248413
15.136,0.6510767214444798
15.1791,1.2722973952087173
15.1834,-1.0121970114513341
15.1921,-1.6078164426688266
15.2022,2.1815222911841055
15.22,-1.2490457723982544
15.2407,-2.8083483524781205
15.2454,1.3521273809209546
15.2556,2.8879185574511506
15.2669,-1.1824776086224307
15.2756,-2.7686049317897323
15.2884,3.058451421701352
15.2941,-2.05527425583192
15.2993,-2.158798930342464
15.3109,0.6435011087932844
15.3195,-2.1193457292454245
15.3275,0.28379410920832787
15.338,-2.293775680196388
15.3498,-1.208252089530389
15.3569,-2.618314331457818
15.3644,1.2490457723982544
15.3715,0.7568345055586884
15.3824,2.0831857871056343
15.3867,-2.0516836069902324
15.395,2.293775680196388
15.4033,1.825978717415715
15.4108,-0.04164257909858842
15.4645,-1.690225252813235
15.5024,1.0516502125483738
15.5067,0.348771003583907
15.5547,-1.0516502125483738
15.5594,-2.158798930342464
15.5637,-2.158798930342464
15.6367,-2.256525837701183
15.6993,1.1071487177940904
15.8104,1.5707963267948966
15.8198,-1.5042281630190728
15.8346,-0.6823165548747481
15.8417,1.373400766945016
15.8616,2.5308666892005847
15.887,-0.960070362405688
15.9159,-0.7086262721276703
15.9207,-2.2058230621852104
16.0439,-1.6107750139181867
16.1714,-2.774418819771574
16.2992,0.8139618212362083
16.3768,-1.9295669970654687
16.4271,-2.5065659181994793
16.5604,-0.14189705460416394
16.6919,-0.507098504392337
16.7319,0.24497866312686414
16.8151,-2.976443976175166
16.8478,1.3370531459259951
16.8802,-3.058451421701352
17.0057,0.625485040239229
17.0368,-2.214297435588181
17.0619,-2.704965493776252
17.090999999999998,2.289626326416521
17.1291,1.4994888620096063
17.2568,-2.1995926132103296
17.3898,0.9272952180016122
17.5224,0.07677189126977804
17.6589,-0.03844259002118798
17.7873,0.9025069079643125
17.9171,0.5585993153435624
17.942999999999994,1.8766751981997487
18.072,-1.299849476456476
18.1999,-1.9890206563741257
18.3274,2.439335722080786
18.3458,0.12435499454676144
18.3765,-2.9533711482850227
18.4529,3.141592653589793
18.4829,1.5707963267948966
18.6104,2.2655346029916
18.62,2.1224513093234436
18.742,2.651635327336065
18.889,-0.9129077216126865
19.0214,0.5467888408892474
19.0767,-0.07677189126977804
19.1569,0.668289418830584
19.2871,2.4416997838705496
19.3192,-0.9097531579442097
19.4493,-2.7187387274568526
19.5804,-0.8818719385800352
19.6081,-1.5707963267948966
19.7306,-0.9685089806599324
19.7548,-0.6528466311007742
19.8777,1.7975951748487824
19.9152,-0.2914567944778671
19.9433,0.5585993153435624
20.0725,-1.5232132235179132
20.1979,2.587285157388242
20.3231,-2.7367008673047097
20.4522,1.1071487177940904
20.5779,-0.33667481938672716
20.702,3.024483909022929
20.7352,1.4141944498128813
20.7628,-1.7359450042095235
20.8873,-1.4801364395941514
20.9192,-2.000558605891585
21.0426,-1.923786714621807
21.1761,-2.8632929945846817
21.2082,2.289626326416521
21.3392,-1.1071487177940904
21.376,2.601173153319209
21.5315,0.23109066719589708
21.5581,1.97568811307998
21.6798,1.9295669970654687
21.8048,2.356194490192345
21.8316,0.7086262721276703
21.8699,-1.687905071361761
21.9941,1.9832067683922838
22.0357,-0.8760580505981934
22.0691,-1.856847768512215
22.0971,0.21109333322274654
22.1313,-2.297438667476622
22.1655,-2.7686049317897323
22.2938,2.007423486608438
22.3375,-2.8809902618424523
22.3873,-2.677945044588987
22.4703,-1.8157749899217608
22.5968,-2.609868586330988
22.7314,-2.356194490192345
22.8549,-1.873681195169868
22.9993,2.7928216500058864
23.0252,1.7126933813990606
23.1628,2.158798930342464
23.191,-1.299849476456476
23.2154,-2.5308666892005847
23.2421,2.819842099193151
23.2746,-2.323947607757091
23.3022,-0.22347660114063303
23.4283,-2.399645385583876
23.555,-1.784857010358718
23.6872,0.8519663271732721
23.8319,-0.8960553845713439
23.8374,1.6506263125071339
23.8414,1.6506263125071339
23.9951,3.141592653589793
24.0261,-0.7853981633974483
24.0597,-2.0778948311872334
24.099,1.7894652726688385
24.138,2.0899424410414196
24.165,0.0
24.2902,-0.27094685033842053
24.332,-2.8842689386187046
24.4622,2.2318394956455836
24.5891,2.3036114285814033
24.7145,0.24497866312686414
24.8371,2.896613990462929
24.9637,1.9710369838288708
25.0922,2.9441970937399127
25.2258,2.2655346029916
25.253,-0.5880026035475675
25.3779,1.7359450042095235
25.407,-0.3805063771123649
25.4374,1.9513027039072615
25.4688,-0.16514867741462683
25.5976,-2.0344439357957027
25.6231,-2.930499320367047
25.6487,-0.6146629519221655
25.6724,-3.011890116433881
25.801,0.0
25.9263,-2.2286849319771065
25.955,1.6092389168160846
26.0788,-0.4636476090008061
26.1093,-2.7270857790050074
26.2383,-1.8157749899217608
26.3642,-2.0152155366959956
26.3971,2.8632929945846817
26.4262,0.2914567944778671
26.4535,-2.804917834203066
26.5802,-0.5191461142465229
26.7045,-0.9151007005533605
26.7373,0.12435499454676144
26.769,-1.8157749899217608
26.8992,0.09966865249116202
26.9103,-0.348771003583907
27.0361,-1.1071487177940904
27.0444,-0.16514867741462683
27.0576,-0.5880026035475675
27.0622,-0.5880026035475675
27.0666,-0.5880026035475675
27.0803,3.141592653589793
27.0846,-2.214297435588181
27.109,-2.9441970937399127
27.1243,2.746801533890032
27.1433,-2.677945044588987
27.1553,2.0032041023654346
27.1596,3.070285188804503
27.1696,-1.4940244355251187
27.1745,-1.2722973952087173
27.1834,0.0
27.1879,-2.782821983319221
27.1947,-0.7853981633974483
27.2112,1.892546881191539
27.275,2.0032041023654346
27.2795,-2.485897027348257
27.2868,-1.396124127786657
27.2917,-1.4801364395941514
27.334,0.5123894603107377
27.3387,0.8685393952858895
27.3428,1.0303768265243125
27.3467,2.05527425583192
27.3731,1.4352686128093959
27.3774,0.7188299996216245
27.3814,-2.4805494847391065
27.3894,0.628796286415433
27.3976,-0.18311081726248413
27.4406,0.40489178628508343
27.456,-0.05549850524571683
27.4674,2.0491487581735544
27.4741,-0.5880026035475675
27.4811,-2.0626055027835952
27.5264,-0.4844779290370232
27.6666,-0.6947382761967031
27.7944,-0.625485040239229
27.8273,1.0584068664841588
27.8724,-1.1341691669813554
27.8814,2.0344439357957027
27.8891,-1.9832067683922838
27.897,0.058755822715722696
27.9655,3.046640947247037
27.9776,-2.714965160462917
28.0969,-2.677945044588987
28.1269,1.2490457723982544
28.2643,2.714965160462917
28.3907,0.6435011087932844
28.5299,0.35299038782691045
28.5775,0.6640461628266846
28.7357,-2.0032041023654346
28.7709,-0.449759613069839
28.9233,-2.178598322908857
28.9887,2.214297435588181
29.144,-0.9544993893988254
29.1752,-0.43662715981354133
29.3125,2.7326848246388677
29.4366,0.26916749278570046
29.5724,2.9504081939927786
29.6106,0.2984989315861793
29.6407,-0.9652516631899266
29.6481,-0.7621465405869854
29.6561,0.3009202343604251
29.6637,1.3876855095324125
29.7508,1.9040406279065694
29.889,-0.9917220574271658
30.1579,2.1498705961626277
30.3219,-1.2924966677897853
30.3962,-2.838707785214822
30.632,-0.09495170634275632
30.6391,0.7853981633974483
30.6513,-1.7681918866447774
30.6561,-2.2455372690184494
30.6656,-2.5535900500422257
30.6757,-2.2655346029916
30.6876,-1.2722973952087173
30.9219,-1.1284221038181517
30.9297,1.382574821490126
30.9572,0.6747409422235526
30.989,1.727398203776912
31.1139,-1.089909046599561
31.1427,2.38321493937961
31.2727,0.5104883219167757
31.3986,-2.5722794624891314
31.4766,0.3080527810237764
31.5284,0.8685393952858895
31.559,-1.8692952583810758
31.6935,-0.5880026035475675
31.7384,1.3258176636680326
31.7638,-3.017237659043032
31.9007,0.9272952180016122
32.0254,2.4227626539681686
32.1754,-1.80634130751576
32.1807,1.5707963267948966
32.3215,-2.1421338066285234
32.461,2.388441372627599
32.4879,-2.1025203940537023
32.6307,-1.5707963267948966
32.8016,0.0
32.9406,1.6447353644528369
33.0803,-1.8588517738455226
33.2206,0.9505468408120752
33.3624,1.2793395323170296
33.4127,-2.7509856098921066
33.5136,0.7853981633974483
33.6539,-2.714965160462917
33.8051,1.6614562139956417
33.9428,-1.6814535479687922
33.9749,1.9693187724613168
34.1,1.727398203776912
34.1768,-1.1263771168937977
34.1962,-0.6889243882148613
34.2066,2.1486982637571423
34.2143,0.4444192099010989
34.242,2.9340964271545906
34.389,-0.8760580505981934
34.5177,0.4423742229767449
34.6616,-2.137525544318403
34.8013,-2.427501954977635
34.9416,2.642245931909663
34.9739,2.7367008673047097
35.1152,2.819842099193151
35.1201,2.191045812777718
35.2509,1.9163519073766087
35.2615,-1.6064954394742206
35.2819,-0.5144513130590278
35.3074,1.642103791580187
35.4451,1.0074800653029286
35.4765,1.0516502125483738
35.4826,-1.1354430516425942
35.594,0.714090698612158
35.7399,-2.642245931909663
35.8976,-0.09966865249116202
36.0374,-2.403777593469328
36.1803,-2.7367008673047097
36.2179,0.5619215622568153
36.3625,2.8473580884786056
36.5006,2.4416997838705496
36.5266,-2.4149503129080676
36.6767,-1.356735643231075
36.8203,-1.2036224929766774
36.8447,-0.04542327942157701
36.8875,3.061762667877556
36.9752,-0.5516549825285468
37.0383,1.4743225516123097
37.1734,-1.695151321341658
37.3158,-2.796037073008081
37.4584,-2.677945044588987
37.4886,-2.843093722003614
37.6315,0.7853981633974483
37.7771,-0.7853981633974483
37.8044,2.7928216500058864
37.9443,-1.6845883339386047
37.9725,1.695151321341658
38.1183,0.9685089806599324
38.2613,1.3633001003596938
38.3991,0.5585993153435624
38.5409,-0.960070362405688
38.5502,-2.601173153319209
38.6852,-1.3156139361740782
38.826,1.4909663410826592
38.9615,-0.7483780475235183
38.9922,2.7928216500058864
39.0145,1.0882830317724197
39.1554,0.6435011087932844
39.2997,1.3521273809209546
39.441,1.9591150449673627
39.584,-1.9295669970654687
39.7217,-2.388441372627599
39.753,-1.299849476456476
39.8937,-0.7853981633974483
40.0351,2.2455372690184494
40.181,-1.750649826587375
40.3269,-0.4899573262537283
40.3522,2.988943325194528
40.3754,0.4964227534048819
40.5285,1.4121410646084953
40.6872,0.5028432109278608
40.7924,2.7776136970801493
40.8137,2.654693421778524
40.9379,-1.067953115867036
41.0615,-0.5880026035475675
41.1046,-2.976443976175166
41.1135,-2.645169900184911
41.1241,-1.0191413442663497
41.1335,-0.901157381118259
41.2004,-0.8076167287241673
41.3588,-2.483704048407583
41.5004,-0.7853981633974483
41.655,-2.17084654019665
41.7973,-0.14888994760949725
41.9405,2.293775680196388
42.0824,1.8766751981997487
42.2359,2.158798930342464
42.3893,2.356194490192345
42.4851,-1.0516502125483738
42.4896,-1.3473197256542635
42.5354,-1.9451299428024806
42.6787,-2.1193457292454245
42.8196,0.14888994760949725
42.9605,0.982793723247329
43.1002,-0.8519663271732721
43.2415,0.6947382761967031
43.3842,-2.723368324010564
43.5415,-2.429235055495464
43.6834,1.4141944498128813
43.832,2.356194490192345
43.9809,0.25732371497108864
44.1256,1.356735643231075
44.264,0.7044940642422177
44.4032,-1.8018869939907938
44.4317,0.6435011087932844
44.57899999999999,2.293775680196388
44.7195,3.017237659043032
44.8593,1.4219063791853994
44.8872,2.0831857871056343
45.0231,-0.8198672643969563
45.1632,-2.505084437801842
45.2566,-1.3078015951139772
45.2613,1.1410340476982082
45.2694,1.0040671092713902
45.2771,-0.2536740961386427
45.2886,-2.1995926132103296
45.2936,2.356194490192345
45.3095,-2.6311043316730176
45.3194,-1.690225252813235
45.3295,-1.6614562139956417
45.341,0.9561333748727311
45.3513,-0.6528466311007742
45.3625,-2.356194490192345
45.3717,-1.695151321341658
45.3906,0.039978687123290044
45.4018,-0.6998928697192437
45.4121,-2.8864102629689747
45.4226,2.601173153319209
45.4329,1.2490457723982544
45.4383,2.6590793585673165
45.4538,0.8960553845713439
45.4652,-1.2341215074081695
45.4734,-1.1659045405098132
45.4842,-1.9513027039072615
45.5613,-2.356194490192345
45.5829,-2.214297435588181
45.7156,-2.729182211992406
45.8629,-0.7853981633974483
45.8875,-1.3473197256542635
46.0306,-2.1962813670341257
46.1661,-2.611376880813163
46.2568,-3.109345771154539
46.2918,0.19118445959701444
46.4296,-2.461071428922579
46.5563,-2.0344439357957027
46.6821,-3.099950074491205
46.8206,-2.7672590375822095
46.96100000000001,1.849095985800008
46.9894,0.9453112865556675
47.1325,2.5175696006130366
47.2779,2.129395642138459
47.4204,-0.7044940642422177
47.5592,-3.0916342578678506
47.7101,-0.11487660541689913
47.7373,0.6162969373960713
47.8831,0.3217505543966422
48.0205,0.7531512809621944
48.174,-2.819842099193151
48.257,0.2914567944778671
48.3185,-2.44685437739309
48.4621,1.3258176636680326
48.6023,0.8850668158886104
48.6325,2.62244653934327
48.7821,0.09065988720074511
48.9084,2.7672590375822095
49.0371,-1.7748143063874453
49.1782,-0.27829965900511133
49.3238,0.8097835725701669
49.4747,-3.0045264792796056
49.6189,-3.050932766389048
49.7612,1.0808390005411683
49.904,0.3430239404207034
49.9303,-2.6387494426619322
50.0731,0.628796286415433
50.2177,-0.348771003583907
50.3607,-2.642245931909663
50.5019,-1.2627435457711202
50.6449,0.3805063771123649
50.782,-1.5374753309166493
50.9233,-2.17084654019665
51.0622,-1.7681918866447774
51.2009,0.3392926144540447
51.2272,2.922923707715851
51.3672,-1.2120256565243244
51.3927,-1.1441688336680205
51.5146,-1.4801364395941514
51.6477,-2.992702705980296
51.7923,-0.30587887140485215
51.8488,-1.0121970114513341
52.0,-0.5743048301747018
52.0254,1.4352686128093959
52.0565,0.7086262721276703
52.2018,-0.8176450458327023
52.2665,-2.8023000391357487
52.3545,0.18822150530477075
52.5026,-2.936197264400026
52.6412,-2.356194490192345
52.7832,-1.7234456551901618
52.9414,-0.17219081452293902
53.0951,-3.099950074491205
53.2214,-1.3045442776439713
53.2491,2.5535900500422257
53.2783,-0.08673833867598511
53.4211,-3.026716048172894
53.4487,-2.393214606066275
53.5876,-0.7157435896688801
53.7398,-0.14189705460416394
53.8799,-2.8842689386187046
53.9144,1.6506263125071339
54.0646,-1.5707963267948966
54.2021,2.3794461130028077
54.3467,0.30587887140485215
54.4851,0.960070362405688
54.6203,1.1659045405098132
54.6451,-1.2220253232109897
54.7875,1.923786714621807
54.9244,-2.473303234759209
55.0654,-0.8960553845713439
55.0915,2.191045812777718
55.2358,-0.7419472680059175
55.379,-1.1309537439791604
55.5216,1.5707963267948966
55.6602,2.0672190801997785
55.8022,0.1297025371559121
55.9584,2.5088438185876103
56.1008,-1.4352686128093959
56.2441,1.0303768265243125
56.3671,3.064820762320015
56.5128,2.774418819771574
56.5448,-1.5707963267948966
56.6922,-2.0736395377227574
56.838,-1.4801364395941514
56.9793,0.7568345055586884
57.1191,-2.0736395377227574
57.2697,1.35970299357215
57.3076,-0.2536740961386427
57.445,-2.185459278717062
57.4707,-2.8555412118724752
57.6171,2.4186133001883023
57.7684,-2.761086276477428
57.7934,1.313472611823808
57.8008,-2.5829933382462307
57.8094,-0.05258306161094172
57.8185,-0.5317240672588056
57.8987,-2.184003675669406
58.0408,1.460139105621001
58.169,2.539305307454829
58.3124,-0.5404195002705842
58.3525,1.5707963267948966
58.5004,0.0
58.6405,-2.8785979219088738
58.7853,-2.356194490192345
58.9236,3.064820762320015
59.0627,-3.017237659043032
59.2009,-2.7367008673047097
59.2268,-1.849095985800008
59.3657,2.0344439357957027
59.5226,-1.373400766945016
59.6597,-0.372987721800061
59.6836,2.720173446701989
59.8252,1.1232763516377267
59.9632,2.125103822996448
60.1012,0.48689923181126904
60.2415,-0.21866894587394195
60.2765,-0.9097531579442097
60.3828,-2.356194490192345
60.5245,2.432966381462123
60.5535,2.988943325194528
60.6975,-0.18534794999569476
60.8385,1.695151321341658
60.9801,-2.356194490192345
61.1106,3.050932766389048
61.2544,-2.704965493776252
61.28,2.62244653934327
61.4207,-0.8621700546672264
61.5623,-1.2627435457711202
61.7018,-1.80634130751576
61.8417,3.0060649396042924
61.9814,-0.07677189126977804
62.1194,-2.4805494847391065
62.2619,-0.14888994760949725
62.4042,-2.427501954977635
62.5413,-2.6135182051634334
62.6921,2.2318394956455836
62.8361,-2.1451011569695986
62.9795,1.9138202672156
63.1229,1.0636978224025597
63.2576,-2.323947607757091
63.286,2.191045812777718
63.4221,-1.687905071361761
63.5682,1.2793395323170296
63.707,-1.5042281630190728
63.8436,-0.7328151017865066
63.8685,-2.5702551737561663
63.9957,2.9533711482850227
64.1449,-0.14189705460416394
64.1788,-0.27094685033842053
64.1864,0.3906070436976868
64.2018,-1.2490457723982544
64.277,-2.782821983319221
64.3201,2.3086113869153615
64.4611,-2.0344439357957027
64.4862,-2.2655346029916
64.6238,3.0981417581982624
64.7606,-2.5652174329986095
64.90100000000001,-3.0221637275714546
65.0446,-2.788602265762883
65.157,1.4181469983996315
65.1813,0.9652516631899266
65.3334,-0.8478169733934057
65.4788,-2.5535900500422257
65.6262,0.982793723247329
65.7786,0.35877067027057225
65.9373,1.0636978224025597
66.0783,2.6292031932790554
66.2275,1.1071487177940904
66.3527,-2.804917834203066
66.4938,-2.642245931909663
66.6351,-2.289626326416521
66.7768,1.7539071440573808
66.8981,1.8157749899217608
67.035,1.4056476493802699
67.0601,0.5516549825285468
67.082,1.2924966677897853
67.1561,2.6532587025333876
67.2034,1.2397002500907646
67.3409,2.0091328866528544
67.4835,-0.3080527810237764
67.5068,3.0060649396042924
67.6438,-0.7853981633974483
67.7343,0.0
67.7401,0.9272952180016122
67.7807,0.0
67.9221,-2.2655346029916
68.0623,-2.937574673997245
68.2008,0.8902751021276822
68.3414,-0.27829965900511133
68.4833,-2.677945044588987
68.6238,0.43662715981354133
68.7722,0.4899573262537283
68.9232,0.7853981633974483
69.0669,1.750649826587375
69.2037,2.6135182051634334
69.3432,0.19739555984988075
69.4914,-0.43662715981354133
69.6282,1.5232132235179132
69.7759,-1.719686274404394
69.9114,-0.09966865249116202
69.9415,1.373400766945016
69.9693,-2.5829933382462307
70.0035,-0.8621700546672264
70.0234,-2.578276392097825
70.0376,-1.2722973952087173
70.0468,-1.7894652726688385
70.0976,2.356194490192345
70.1043,0.7853981633974483
70.111,1.8157749899217608
70.1155,-2.761086276477428
70.1246,-2.158798930342464
70.195,2.158798930342464
70.2035,1.9513027039072615
70.2107,-1.1071487177940904
70.2175,0.4636476090008061
70.2407,1.3258176636680326
70.2647,-0.06656816377582381
70.2717,2.761086276477428
70.2815,0.982793723247329
70.2894,0.23109066719589708
70.3669,0.5247957716501074
70.3949,-0.8760580505981934
70.407,-2.5948038127005457
70.414,-2.618314331457818
70.42399999999998,0.6000502134017536
70.4329,-1.0222469243443686
70.5179,-1.5152978215491797
70.6484,0.0
70.7704,-1.1071487177940904
70.7923,2.356194490192345
70.8963,0.8519663271732721
71.0598,0.3080527810237764
71.1661,1.237552025683224
71.1818,-0.9544993893988254
71.3177,1.5707963267948966
71.3277,-2.0940746489268722
71.3353,-2.964883797519757
71.3445,-3.0132694259039985
71.3548,1.9890206563741257
71.461,0.08673833867598511
71.6013,-1.2870022175865687
71.7629,1.5707963267948966
71.89699999999998,0.9723774333163594
72.0262,3.026716048172894
72.1697,-0.9723774333163594
72.2934,2.6135182051634334
72.4294,0.7086262721276703
72.5596,-1.2490457723982544
72.5643,-2.5269297016676275
72.5727,-2.173083672929861
72.5845,-2.677945044588987
72.5953,-1.9074711461816238
72.6886,0.7853981633974483
72.8185,-0.2629947316809195
72.9504,0.8519663271732721
73.077,2.1486982637571423
73.2001,-0.9097531579442097
73.2389,-2.356194490192345
73.2738,2.7367008673047097
73.2933,0.047583103276983396
73.3115,-0.6055446636049701
73.325,1.2120256565243244
73.4047,2.312743594800814
73.5587,-1.8157749899217608
73.7002,-1.0714496051147666
73.8479,1.35970299357215
73.8746,-2.321725389192837
74.0198,-3.108271657711546
74.1639,-1.1978086049948355
74.3034,1.7033478590915707
74.4421,-0.36397895650964407
74.5072,-0.3947911196997615
74.512,3.141592653589793
74.5826,-0.5404195002705842
74.6088,-0.05258306161094172
74.6175,-0.7853981633974483
74.6306,1.892546881191539
74.6425,-2.964883797519757
74.7197,0.25255427577805956
74.8643,-2.840672419229368
75.0068,-1.9295669970654687
75.1613,-1.4968572891369563
75.1891,2.833539872566017
75.2195,-0.625485040239229
75.2365,0.27829965900511133
75.3291,1.4141944498128813
75.3333,3.017237659043032
75.344,-0.982793723247329
75.3484,0.5191461142465229
75.3584,1.460139105621001
75.3656,-0.9685089806599324
75.3774,-2.251317551462111
75.3821,-2.129395642138459
75.3973,-2.0344439357957027
75.4044,-0.9129077216126865
75.4134,-0.09065988720074511
75.4218,-0.4475199751571699
75.4292,-0.9197196053504169
75.5807,0.5633162614919681
75.5854,-0.7378150601204649
75.5895,-0.7378150601204649
75.5945,-2.9441970937399127
75.6029,2.214297435588181
75.6134,-1.4181469983996315
75.6216,-1.2120256565243244
75.6322,3.0090411212931194
75.6365,0.5104883219167757
75.6455,-2.461071428922579
75.6551,-1.9379701606131159
75.6654,-0.9342881110069455
75.6764,-2.4668517113662407
75.6811,-1.0838970949836275
75.7893,0.17219081452293902
75.8044,-2.485897027348257
75.8123,2.761086276477428
75.8207,-1.3439974787410107
75.8997,1.5707963267948966
76.0195,-3.0981417581982624
76.0239,0.4636476090008061
76.0624,-0.5191461142465229
76.1188,1.1722738811284763
76.2532,-1.6506263125071339
76.2998,-2.9441970937399127
76.3497,0.3217505543966422
76.5832,0.21866894587394195
76.5876,0.21866894587394195
76.6807,-1.7681918866447774
77.0776,0.4636476090008061
77.236,-3.109345771154539
77.2949,-2.838707785214822
77.3302,0.04542327942157701
77.4203,2.356194490192345
77.5108,-1.4410937896389846
77.5787,-2.05527425583192
77.5891,-2.516107613350564
77.6001,-2.62244653934327
77.6124,-0.34555558058171215
77.6385,-0.09495170634275632
77.6436,2.7776136970801493
77.7772,-2.5415424401880395
77.8116,1.1071487177940904
77.9578,-1.6575346654708818
78.1022,-1.35970299357215
78.2432,1.878849107818673
78.3822,-0.6889243882148613
78.4282,0.0
78.4662,-2.642245931909663
78.5206,-0.8567056281827387
78.5519,1.1071487177940904
78.5822,0.4636476090008061
78.6078,-0.9272952180016122
78.6771,-0.6202494859828215
78.6873,0.5880026035475675
78.6976,1.0808390005411683
78.7055,-0.3028848683749714
78.7449,-0.05258306161094172
78.8833,-2.390663591191853
79.0232,1.9693187724613168
79.1529,-1.5707963267948966
79.2063,0.388318718172466
79.3099,-2.1341125882868646
79.4546,0.8224182792713783
79.5977,-0.5633162614919681
79.7297,2.095592098445004
79.8824,0.4266274931268761
80.0222,1.2847448850775784
80.158,0.48689923181126904
80.3029,2.9441970937399127
80.4425,-1.0584068664841588
80.4682,1.1341691669813554
80.6154,-0.12435499454676144
80.7559,2.587285157388242
80.8848,1.4940244355251187
81.0118,1.9295669970654687
81.1709,-0.15660187698201536
81.303,-2.875340604438868
81.3296,-2.5652174329986095
81.4713,2.5748634360662868
81.518,0.6435011087932844
81.6414,-1.1479424006619559
81.6752,0.35299038782691045
81.8198,0.628796286415433
81.9588,2.4416997838705496
82.1211,0.7853981633974483
82.2605,-2.62244653934327
82.40100000000002,1.1999050379822342
82.4767,0.15264932839526515
82.544,-2.819842099193151
82.6842,2.1025203940537023
82.8229,-2.0647376957144776
82.8551,-1.1309537439791604
82.9968,-1.8157749899217608
83.139,-1.9936502529278373
83.2792,2.5672878234150915
83.4191,-2.403777593469328
83.5613,-2.0576955586061656
83.7037,0.0
83.8431,2.7509856098921066
83.9807,-2.770701364777131
84.1198,-2.1224513093234436
84.2587,2.356194490192345
84.4037,1.3473197256542635
84.545,-0.8097835725701669
84.6893,0.40024065703397416
84.7412,-2.746801533890032
84.9069,0.6857295109062863
85.0505,-0.24497866312686414
85.1789,1.7894652726688385
85.3198,-2.593043251139265
85.4625,2.4116929954380617
85.6034,-1.2252407462131845
85.7409,1.923786714621807
85.8805,2.1421338066285234
86.0337,0.4899573262537283
86.1761,2.5535900500422257
86.2012,2.761086276477428
86.234,2.838707785214822
86.2673,-0.982793723247329
86.4031,1.3258176636680326
86.5399,-1.124690777851493
86.6974,-0.8550527371260165
86.8374,-1.0121970114513341
86.84200000000001,-1.0121970114513341
86.8506,-2.455863142683507
86.8629,-2.7270857790050074
86.8745,0.9048270894157867
86.96700000000001,-1.1606689862534056
86.9932,1.0563450137358688
87.1234,-1.7975951748487824
87.2181,2.356194490192345
87.2527,-1.2610933822524404
87.3983,-1.1232763516377267
87.5295,-2.988943325194528
87.5679,1.6814535479687922
87.70100000000002,-0.3947911196997615
87.8403,-2.543173760111256
87.9899,1.1978086049948355
88.0481,-2.429235055495464
88.1326,-1.5707963267948966
88.275,-2.8083483524781205
88.4204,-1.5707963267948966
88.56299999999997,-2.6292031932790554
88.7025,2.831889709047337
88.8368,1.0121970114513341
88.9792,-2.0899424410414196
89.00399999999998,2.831889709047337
89.1447,-1.0370881351556351
89.2975,-0.992894389832651
89.4383,-0.03844259002118798
89.5809,1.4536875822280324
89.7265,-1.6092389168160846
89.8665,1.6539375586833378
89.8898,2.8068558162729786
90.0368,2.4905159321453136
90.1817,-1.4056476493802699
90.323,2.1815222911841055
90.4623,-1.9513027039072615
90.4901,1.067953115867036
90.4957,-2.9441970937399127
90.6401,0.0
90.7796,-0.28379410920832787
91.311,-1.4382447944982226
92.0456,2.1995926132103296
92.407,-2.62244653934327
92.5529,-2.1112158270654806
92.7036,-1.382574821490126
92.8408,2.2367655641740063
92.989,-1.9513027039072615
93.1371,1.1999050379822342
93.2767,-1.1479424006619559
93.4175,-2.214297435588181
93.5594,0.8288490587889792
93.6989,0.06656816377582381
93.8403,-2.4227626539681686
93.9811,0.3671738338182192
94.0059,-1.1071487177940904
94.0403,-2.158798930342464
94.1819,0.19739555984988075
94.3215,-1.6539375586833378
94.4588,-2.896613990462929
94.4859,2.3291740410050803
94.6326,2.0576955586061656
94.6594,-1.6295521495106193
94.7998,0.35877067027057225
94.8225,1.1902899496825317
94.8461,-2.390663591191853
94.8729,-1.1071487177940904
95.0006,-2.488746022489019
95.14,-1.0460005551447893
95.2364,3.141592653589793
95.2791,1.727398203776912
95.4213,2.158798930342464
95.561,0.05549850524571683
95.7013,-0.2914567944778671
95.8399,-1.4288992721907328
95.9827,2.961739153797315
96.1219,0.06241880999595735
96.2599,-2.485897027348257
96.4007,1.3909428270024184
96.5442,0.9994588469612699
96.6846,-0.09966865249116202
96.7096,-1.8157749899217608
96.8537,-1.2490457723982544
97.0,3.0090411212931194
97.1388,-1.9295669970654687
97.2793,-1.6233793884058383
97.42,-1.382574821490126
97.56,0.9685089806599324
97.6841,2.999695598985629
97.8344,-2.356194490192345
97.9802,-1.5208379310729538
98.1197,0.25732371497108864
98.251,1.9591150449673627
98.4,-0.982793723247329
98.5603,-2.223642957895671
98.5845,-0.6889243882148613
98.7394,1.9591150449673627
98.8843,-1.6614562139956417
99.0096,2.399645385583876
99.1514,2.961739153797315
99.1954,0.4182243295792291
99.2351,3.0221637275714546
99.3763,0.348771003583907
99.5205,-2.191045812777718
99.6601,-2.843093722003614
99.8024,2.819842099193151
99.941,2.616796881939686
100.082,-2.388441372627599
100.221,-1.5232132235179132
100.361,-0.27829965900511133
100.501,-0.18822150530477075
100.643,1.2679114584199251
100.783,-0.9357695914045828
100.859,2.9275319700259717
100.924,2.44685437739309
101.062,-2.0533096218173736
101.202,1.373400766945016
101.341,-2.05527425583192
101.494,3.1016139664665032
101.638,-1.0040671092713902
101.78,2.9829373914033916
101.921,-1.892546881191539
102.062,-0.5763752205911837
102.203,-0.11942892601833845
102.34,-0.03844259002118798
102.502,-0.7853981633974483
102.641,0.7853981633974483
102.782,-0.7298996581517315
102.817,1.2220253232109897
102.962,0.9420000403794636
103.102,-1.2649174553900444
103.24,-2.158798930342464
103.337,2.8068558162729786
103.348,-2.214297435588181
103.357,-1.3876855095324125
103.368,-1.7429871413178357
103.374,-1.9614033704925835
103.518,1.1410340476982082
103.661,0.20539538918976738
103.8,2.356194490192345
103.83,3.0348569809406576
103.849,-2.129395642138459
103.854,1.9040406279065694
103.973,2.356194490192345
104.118,-1.6539375586833378
104.265,-2.0344439357957027
104.296,2.327630832353585
104.324,2.5065659181994793
104.348,-0.21406068356382152
104.49,0.12435499454676144
104.632,-2.578276392097825
104.778,2.173083672929861
104.919,1.7126933813990606
105.078,2.5748634360662868
105.105,-1.7004988639508087
105.252,-2.5535900500422257
105.277,-1.1441688336680205
105.282,2.79856871316909
105.296,-1.1978086049948355
105.304,-1.849095985800008
105.315,2.746801533890032
105.33,0.5485494024505281
105.339,2.0899424410414196
105.352,-1.5707963267948966
105.38,2.1995926132103296
105.397,1.0121970114513341
105.402,0.17985349979247828
105.414,-0.15264932839526515
105.422,2.4668517113662407
105.43,-0.9097531579442097
105.435,-1.7359450042095235
105.453,0.48689923181126904
105.464,2.6292031932790554
105.472,1.9832067683922838
105.48,-2.8706458032513726
105.491,2.393214606066275
105.499,-0.5404195002705842
105.507,-0.5404195002705842
105.515,-0.8685393952858895
105.579,2.0831857871056343
105.719,0.49394136891958124
105.859,-0.6556956262415362
106.001,-3.024483909022929
106.14,-1.3521273809209546
106.166,1.3521273809209546
106.276,2.838707785214822
106.318,2.651635327336065
106.461,-1.1071487177940904
106.484,-0.24497866312686414
106.623,0.14888994760949725
106.761,2.5415424401880395
106.822,3.099950074491205
106.918,1.8766751981997487
106.961,-1.849095985800008
107.1,1.2315037123408519
107.239,-0.09966865249116202
107.38,1.9693187724613168
107.521,2.0899424410414196
107.547,-1.5707963267948966
107.682,-1.2277723863741932
107.707,-3.0750244898139694
107.852,1.7033478590915707
108.002,2.677945044588987
108.143,0.6947382761967031
108.17,-1.0516502125483738
108.202,2.399645385583876
108.229,-0.5191461142465229
108.276,2.356194490192345
108.37,-1.5707963267948966
108.413,-0.058755822715722696
108.565,0.8288490587889792
108.713,1.633215136790854
108.844,1.4994888620096063
108.88,1.4994888620096063
108.903,2.5748634360662868
108.913,-3.0309354324158977
108.924,1.1383885512243588
108.937,1.4994888620096063
109.021,0.388318718172466
109.039,0.3947911196997615
109.059,-2.356194490192345
109.063,-2.356194490192345
109.091,1.97568811307998
109.1,-1.217805938967986
109.213,0.4182243295792291
109.218,1.5707963267948966
109.223,-0.8567056281827387
109.243,-2.9533711482850227
109.255,-1.1309537439791604
109.26,0.5743048301747018
109.267,0.4228539261329407
109.308,-1.0222469243443686
109.319,1.7004988639508087
109.326,-2.677945044588987
109.333,-1.396124127786657
109.348,0.4636476090008061
109.378,1.5707963267948966
109.51,-0.18534794999569476
109.54,0.2984989315861793
109.604,2.0344439357957027
109.64,2.8706458032513726
109.669,2.158798930342464
109.792,1.3521273809209546
109.802,-3.0419240010986313
109.807,1.1441688336680205
109.821,2.388441372627599
109.83,2.388441372627599
109.844,-0.21406068356382152
109.977,-0.7551044034786732
110.105,2.961739153797315
110.236,-1.3156139361740782
110.376,-0.668289418830584
110.403,3.058451421701352
110.544,2.2058230621852104
110.575,0.9707461133931431
110.61,0.9561333748727311
110.756,3.017237659043032
110.798,-0.6610431688506869
110.939,-1.8018869939907938
111.068,-3.0060649396042924
111.122,-2.388441372627599
111.132,2.7314653130483024
111.157,-0.09065988720074511
111.166,1.0222469243443686
111.195,-2.293775680196388
111.327,-2.976443976175166
111.332,-1.2847448850775784
111.345,0.6528466311007742
111.356,1.9347752833045406
111.364,-2.4668517113662407
111.464,1.5182132651839548
111.494,1.3521273809209546
111.621,2.223642957895671
111.649,1.8157749899217608
111.698,-2.761086276477428
111.707,-0.8760580505981934
111.715,-3.096169374168216
111.723,1.3986055122719576
111.786,3.099950074491205
111.915,-0.4266274931268761
111.941,-1.4801364395941514
112.073,-2.32590073027357
112.208,0.7328151017865066
112.286,-0.870903457075653
112.349,-0.6610431688506869
112.408,2.761086276477428
112.419,0.7853981633974483
112.43,0.8960553845713439
112.438,1.4758446204521403
112.495,-1.1659045405098132
112.636,-1.6183794300718801
112.661,0.24497866312686414
112.802,-0.3347368373168147
112.941,1.9347752833045406
113.081,2.645169900184911
113.227,-2.601173153319209
113.369,0.6435011087932844
113.505,-0.4423742229767449
113.531,-1.7359450042095235
113.675,0.8139618212362083
113.803,-2.17084654019665
113.957,-2.3086113869153615
114.103,-2.44685437739309
114.139,1.719686274404394
114.28,1.9513027039072615
114.42,-0.8519663271732721
114.563,-0.6528466311007742
114.702,1.1902899496825317
114.729,-1.8417431771333173
114.865,-1.1479424006619559
115.004,1.849095985800008
115.141,-1.0222469243443686
115.268,1.5707963267948966
115.303,2.452668265374932
115.321,-1.0074800653029286
115.332,-1.1071487177940904
115.341,1.5707963267948966
115.351,1.9591150449673627
115.459,1.7126933813990606
115.466,-2.17084654019665
115.488,-0.2662520491509254
115.5,0.04164257909858842
115.505,-0.40489178628508343
115.517,-1.6124389058934852
115.529,1.4410937896389846
115.554,0.8760580505981934
115.56,-3.0221637275714546
115.57,-1.7004988639508087
115.577,-2.0852476398539244
115.607,-0.8818719385800352
115.647,-1.0516502125483738
115.682,0.844153986113171
115.816,-1.8157749899217608
115.94,1.849095985800008
115.997,-0.21406068356382152
116.018,2.6954871046463897
116.027,1.1824776086224307
116.041,0.5404195002705842
116.082,-2.578276392097825
116.136,2.5415424401880395
116.281,-3.096169374168216
116.417,-0.17985349979247828
116.441,-0.22347660114063303
116.568,2.587285157388242
116.604,2.5065659181994793
116.744,2.5535900500422257
116.878,-2.0344439357957027
116.912,0.14189705460416394
116.958,-1.2341215074081695
116.99,0.5743048301747018
117.114,1.5273454314033659
117.255,1.3045442776439713
117.379,0.3217505543966422
117.416,-1.4876550949064553
117.542,-1.1902899496825317
117.571,-3.0981417581982624
117.578,-0.08673833867598511
117.586,1.2490457723982544
117.593,0.12435499454676144
117.598,0.7853981633974483
117.605,-3.0309354324158977
117.622,0.5144513130590278
117.67,-0.3347368373168147
117.795,-0.6350267353903137
117.819,1.7004988639508087
117.942,0.8884797719201485
118.066,1.0714496051147666
118.191,2.7532739354173272
118.283,1.1606689862534056
118.291,-2.7532739354173272
118.3,2.6971734436886945
118.315,-3.058451421701352
118.319,2.8461518164460733
118.474,-1.297787623708186
118.502,1.6162196062164735
118.641,2.356194490192345
118.779,2.819842099193151
118.939,0.21406068356382152
119.014,2.516107613350564
119.027,-2.961739153797315
119.037,-0.8156919233162234
119.049,-0.625485040239229
119.068,0.0
119.079,0.24497866312686414
119.083,2.396173177315635
119.092,-2.1112158270654806
119.103,0.17985349979247828
119.221,-2.5269297016676275
119.361,-0.04345089539153084
119.502,-2.1025203940537023
119.528,-1.9809236673363877
119.675,3.061762667877556
119.82,-0.20539538918976738
119.959,1.1309537439791604
120.099,-1.373400766945016
120.243,0.0
120.317,-1.1902899496825317
120.382,0.5585993153435624
120.521,0.44610554894340365
120.659,0.5191461142465229
120.69,-2.9275319700259717
120.838,-2.616796881939686
120.98,1.3439974787410107
121.121,-2.356194490192345
121.27,2.1025203940537023
121.419,-1.2341215074081695
121.562,-0.5247957716501074
121.7,-2.129395642138459
121.731,-2.5065659181994793
121.871,2.8632929945846817
122.009,0.07982998571223732
122.163,-0.6947382761967031
122.307,2.0344439357957027
122.435,1.7429871413178357
122.596,-1.5707963267948966
122.73,-0.11710874456686428
122.879,2.6344941491974563
123.021,-1.2068173702852525
123.161,2.7776136970801493
123.3,0.04164257909858842
123.438,1.97568811307998
123.579,-1.4994888620096063
123.72,-2.988943325194528
123.86,2.936197264400026
123.999,-2.117585167684144
124.14,1.8438050298816073
124.233,2.439335722080786
124.237,-1.297787623708186
124.25,-1.5707963267948966
124.26,2.0831857871056343
124.27,-0.35877067027057225
124.281,-1.633215136790854
124.42,2.723368324010564
124.561,1.2360594894780819
124.586,-2.0701430484750265
124.73,0.037020115873930025
124.878,-1.2490457723982544
124.902,1.0714496051147666
125.042,-2.2455372690184494
125.182,-0.6107259643892086
125.226,1.6575346654708818
125.322,1.1232763516377267
125.462,2.356194490192345
125.601,-1.2827408797442708
125.625,-0.5713374798336268
125.65,0.6998928697192437
125.787,0.5713374798336268
125.929,2.4149503129080676
125.981,-0.9707461133931431
126.012,2.5535900500422257
126.157,-1.366778347202348
126.3,1.6814535479687922
126.442,3.141592653589793
126.583,-0.3947911196997615
126.721,-2.6292031932790554
126.862,-1.4968572891369563
127.001,-2.425849063920913
127.138,1.837048375945822
127.227,0.5585993153435624
127.28,2.251317551462111
127.42,-0.2730087030867106
127.561,1.750649826587375
127.708,1.6856729322117958
127.841,-2.44685437739309
127.981,0.2730087030867106
128.127,2.5652174329986095
128.269,2.0647376957144776
128.299,-1.642103791580187
128.437,2.6971734436886945
128.562,-2.8842689386187046
128.592,0.3028848683749714
128.736,2.2455372690184494
128.769,1.4758446204521403
128.911,-0.44610554894340365
129.05700000000002,2.9829373914033916
129.086,1.4801364395941514
129.264,2.711830374493105
129.289,2.137525544318403
129.441,1.4801364395941514
129.584,-2.9340964271545906
129.72899999999998,1.4758446204521403
129.784,2.5672878234150915
129.792,-2.223642957895671
129.8,-0.714090698612158
129.808,-0.047583103276983396
129.872,-2.356194490192345
129.9,2.91811605244916
129.911,-0.6889243882148613
129.92600000000002,-0.7483780475235183
129.939,-1.5707963267948966
130.031,1.7429871413178357
130.061,-1.9513027039072615
130.07,-1.7033478590915707
130.075,-1.1479424006619559
130.083,-0.625485040239229
130.088,-2.403777593469328
130.095,0.3906070436976868
130.099,1.4141944498128813
130.11,-1.8157749899217608
130.115,-1.1071487177940904
130.125,1.2220253232109897
130.132,1.4994888620096063
130.154,-0.7266423406817256
130.158,0.4444192099010989
130.166,-2.65711472455277
130.171,1.9513027039072615
130.18200000000002,-2.9275319700259717
130.19299999999998,-1.5707963267948966
130.314,-1.0584068664841588
130.44,0.8685393952858895
130.567,-2.498091544796509
130.611,-0.9097531579442097
130.62,-0.960070362405688
130.634,2.0701430484750265
130.644,1.4994888620096063
130.655,-0.9505468408120752
130.74200000000002,2.9441970937399127
130.756,0.05258306161094172
130.872,1.5707963267948966
131.013,0.22679884805388587
131.15200000000002,-0.7188299996216245
131.236,-0.27829965900511133
131.284,0.21109333322274654
131.315,2.976443976175166
131.44799999999998,2.8555412118724752
131.472,0.6435011087932844
131.514,2.060753653048625
131.658,2.191045812777718
131.785,-1.3370531459259951
131.79,-1.0121970114513341
131.797,2.390663591191853
131.809,1.7234456551901618
131.821,-1.1801892830972098
131.915,2.1112158270654806
132.039,-2.1224513093234436
132.065,0.1746721990082397
132.19,-2.774418819771574
132.225,1.1071487177940904
132.363,-0.09495170634275632
132.488,1.2649174553900444
132.512,0.9380474917927135
132.524,1.8417431771333173
132.534,0.05258306161094172
132.545,2.1224513093234436
132.638,-0.058755822715722696
132.778,-2.5535900500422257
132.922,2.312743594800814
133.061,-2.9441970937399127
133.09,3.0828368308740703
133.11700000000002,-1.7894652726688385
133.259,0.3392926144540447
133.406,-1.719686274404394
133.542,1.2793395323170296
133.68,-2.7187387274568526
133.714,-0.7853981633974483
133.858,1.6207547225168393
133.885,-2.677945044588987
134.019,2.452668265374932
134.142,-0.714090698612158
134.14700000000002,-2.498091544796509
134.425,0.9685089806599324
134.451,1.1801892830972098
134.596,-0.33667481938672716
134.741,2.3191743743184148
134.891,-3.0981417581982624
135.037,-2.8501358591119264
135.184,1.5707963267948966
135.211,-1.9513027039072615
135.35,-3.011890116433881
135.363,-1.804539507663798
135.369,-0.33667481938672716
135.377,-1.3473197256542635
135.386,-1.6162196062164735
135.395,-0.5667292175235064
135.404,-0.9685089806599324
135.412,2.0988707752212563
135.421,-2.4805494847391065
135.43,-2.4227626539681686
135.439,-1.3439974787410107
135.452,-2.8501358591119264
135.468,1.4758446204521403
135.476,0.25732371497108864
135.48,1.2490457723982544
135.485,2.5748634360662868
135.498,0.15660187698201536
135.505,1.9295669970654687
135.515,-0.6610431688506869
135.523,-2.677945044588987
135.534,-2.4668517113662407
135.54399999999998,-0.1746721990082397
135.56,2.9105019863938963
135.571,-0.21109333322274654
135.576,-2.3036114285814033
135.627,-0.4182243295792291
135.701,-2.804917834203066
135.77200000000002,-2.601173153319209
135.93200000000002,2.516107613350564
136.08,1.6704649792860586
136.10299999999998,-1.1722738811284763
136.221,1.1999050379822342
136.361,-0.24497866312686414
136.499,2.6344941491974563
136.566,-3.061762667877556
136.64600000000002,2.5702551737561663
136.791,0.982793723247329
136.838,0.9272952180016122
136.918,-0.5191461142465229
136.991,-2.5748634360662868
137.03799999999998,-1.80634130751576
137.18,-1.1583858851975093
137.221,-0.8224182792713783
137.321,0.4636476090008061
137.46,1.727398203776912
137.599,2.9340964271545906
137.622,-0.5123894603107377
137.749,0.058755822715722696
137.892,3.050932766389048
138.03799999999998,1.6614562139956417
138.179,2.8842689386187046
138.32,-0.27829965900511133
138.459,2.8461518164460733
138.537,-1.3258176636680326
138.564,-0.7509290623979403
138.569,-0.14888994760949725
138.57399999999998,-0.19739555984988075
138.599,-1.2649174553900444
138.725,-0.13255153229667402
138.752,-1.7561442767905915
138.877,2.125103822996448
139.018,1.7818896600176433
139.159,-2.8083483524781205
139.256,-1.776191715984664
139.315,2.9829373914033916
139.46,0.34555558058171215
139.625,2.8286914257094087
139.78,-1.0303768265243125
139.92,-1.7607846147136124
140.047,-1.4410937896389846
140.077,-0.03844259002118798
140.22,0.9272952180016122
140.36,-1.2120256565243244
140.501,0.1767088560700366
140.643,-3.038511045067093
140.667,0.03224688243525392
140.808,0.31099828060554097
140.954,2.2455372690184494
140.987,-2.327630832353585
141.13299999999995,1.3521273809209546
141.278,2.214297435588181
141.436,-1.7234456551901618
141.578,0.8253768505207384
141.65,2.2058230621852104
141.72,0.09065988720074511
141.749,-2.4668517113662407
141.86,-1.5707963267948966
141.988,2.293775680196388
142.131,-1.5707963267948966
142.281,-3.0940095503128098
142.304,-1.8281200417659853
142.444,-1.2753554896511765
142.576,0.24497866312686414
142.594,1.2490457723982544
142.738,-2.498091544796509
142.885,1.0768549578753155
143.02200000000005,-1.3633001003596938
143.15200000000004,1.8157749899217608
143.293,1.1801892830972098
143.435,-0.8308214428190254
143.576,-1.9195673303788037
143.721,1.9890206563741257
143.747,-2.429235055495464
143.882,0.3347368373168147
144.006,-2.999695598985629
144.142,2.378413055519064
144.295,-2.4416997838705496
144.435,-1.5273454314033659
144.577,-1.6396528160959412
144.73,-0.27094685033842053
144.873,0.04345089539153084
144.899,-0.7531512809621944
145.039,-0.8519663271732721
145.191,-0.6510767214444798
145.33,-1.3339475658479765
145.455,2.9105019863938963
145.6,-1.4000611153196139
145.753,-2.6632402222111358
145.9,-3.0810606338076862
145.937,-1.1263771168937977
146.079,3.061762667877556
146.218,-2.2655346029916
146.363,-1.460139105621001
146.5,2.8068558162729786
146.641,-1.373400766945016
146.781,1.4288992721907328
146.921,0.13255153229667402
146.94799999999995,-2.158798930342464
146.976,-2.0344439357957027
147.118,0.625485040239229
147.262,-0.83798122500839
147.4,0.844153986113171
147.541,3.0419240010986313
147.567,2.0672190801997785
147.705,-2.5088438185876103
147.843,2.095592098445004
147.984,-2.2073045425828477
148.01,1.3045442776439713
148.10299999999995,-2.007423486608438
148.115,-1.2649174553900444
148.135,-1.7454685258031364
148.144,2.711830374493105
148.151,1.4410937896389846
148.161,-2.896613990462929
148.167,1.1659045405098132
148.29399999999995,-0.4423742229767449
148.355,2.0831857871056343
148.36700000000005,0.06241880999595735
148.378,2.782821983319221
148.386,-2.256525837701183
148.408,2.1112158270654806
148.441,0.35877067027057225
148.585,-0.628796286415433
148.72299999999996,0.6435011087932844
148.75,2.0831857871056343
148.785,2.677945044588987
148.923,0.43240777557053783
149.061,-0.4182243295792291
149.156,-0.4182243295792291
149.201,-1.373400766945016
149.366,0.0
149.406,0.4636476090008061
149.518,-2.5829933382462307
149.612,-1.0040671092713902
149.623,1.2315037123408519
149.632,2.819842099193151
149.64,1.217805938967986
149.66,-1.3370531459259951
149.686,0.9272952180016122
149.821,-1.8157749899217608
149.965,0.7853981633974483
150.111,-2.3036114285814033
150.255,1.4219063791853994
150.399,-1.97568811307998
150.53799999999995,1.7539071440573808
150.596,1.4801364395941514
150.679,-2.5065659181994793
150.82299999999995,2.2848870254070546
150.97799999999995,1.719686274404394
151.123,1.4056476493802699
151.156,-1.1071487177940904
151.264,2.907849472720892
151.40200000000004,2.91811605244916
151.407,-1.7681918866447774
151.542,2.1401095178955587
151.572,0.5516549825285468
151.707,-2.158798930342464
151.73,-0.9561333748727311
151.877,-1.1383885512243588
152.018,0.7853981633974483
152.049,-1.849095985800008
152.196,2.746801533890032
152.341,0.21866894587394195
152.481,-2.976443976175166
152.62,2.6292031932790554
152.759,0.4825132950224769
152.912,0.33667481938672716
153.05100000000004,-1.7861540264926348
153.10399999999996,1.5707963267948966
153.24200000000005,-2.0344439357957027
153.27,0.8329812666744317
153.41299999999995,-0.3805063771123649
153.555,-1.1284221038181517
153.697,-1.3258176636680326
153.833,1.4968572891369563
153.989,-0.8760580505981934
154.142,2.0032041023654346
154.31,-1.1525719972156676
154.335,-2.62244653934327
154.477,-1.4352686128093959
154.621,-1.0303768265243125
154.763,1.6814535479687922
154.908,0.23374318086890142
155.042,-0.05258306161094172
155.166,0.1297025371559121
155.183,0.15660187698201536
155.31799999999996,2.8023000391357487
155.322,-2.9441970937399127
155.416,2.5269297016676275
155.464,-2.8023000391357487
155.60299999999995,2.8842689386187046
155.76,-0.06656816377582381
155.9,-2.8842689386187046
156.039,-0.982793723247329
156.18200000000004,2.907849472720892
156.32299999999995,-3.0221637275714546
156.46,-2.38648825011112
156.601,3.0750244898139694
156.741,0.4636476090008061
156.88,3.141592653589793
157.026,1.695151321341658
157.156,-0.9652516631899266
157.282,1.2490457723982544
157.325,-2.3036114285814033
157.465,0.13552771398550073
157.591,-2.451146196535101
157.737,-2.0516836069902324
157.881,-2.5652174329986095
158.007,0.11942892601833845
158.03,-2.117585167684144
158.055,-2.0195196708056176
158.178,0.5779019369622457
158.217,-2.214297435588181
158.345,2.5283853047152838
158.472,2.692869309579072
158.5,-1.8076450877418169
158.641,-3.108271657711546
158.78,-0.34555558058171215
158.924,2.8068558162729786
159.061,-0.5543074962015512
159.136,0.6202494859828215
159.278,3.0090411212931194
159.41899999999995,2.729182211992406
159.446,-1.356735643231075
159.58100000000005,-3.099950074491205
159.608,2.388441372627599
159.754,-1.442473099109102
159.895,-0.8850668158886104
160.062,2.5360479899848234
160.203,-1.4940244355251187
160.344,-0.8960553845713439
160.494,2.5213431676069717
160.643,-0.3217505543966422
160.781,1.8692952583810758
160.92600000000004,2.1112158270654806
160.988,-2.356194490192345
161.078,0.35299038782691045
161.108,1.0636978224025597
161.234,0.0
161.359,-0.6889243882148613
161.484,1.9974238199217726
161.611,-1.5273454314033659
161.709,2.256525837701183
161.717,-1.6162196062164735
161.733,0.8960553845713439
161.741,-1.3986055122719576
161.746,0.8960553845713439
161.882,1.0121970114513341
162.02100000000004,2.936197264400026
162.135,-0.05258306161094172
162.159,2.662073361597197
162.184,-1.1562894522101106
162.194,-0.2284966392918623
162.34,-2.0516836069902324
162.481,1.4056476493802699
162.622,-2.994514298201391
162.746,-1.6614562139956417
162.873,-2.3818298987140225
163.016,1.965587446494658
163.043,0.07393903765794034
163.083,1.5707963267948966
163.195,1.6575346654708818
163.21200000000005,0.4444192099010989
163.35399999999996,0.5144513130590278
163.435,-0.6022873461349642
163.494,-1.3078015951139772
163.549,2.2455372690184494
163.56,-0.5743048301747018
163.566,-2.788602265762883
163.57,2.711830374493105
163.58,2.5722794624891314
163.585,-2.5535900500422257
163.592,2.5308666892005847
163.6,0.06656816377582381
163.619,1.0370881351556351
163.63,-0.960070362405688
163.635,-0.960070362405688
163.656,-1.7234456551901618
163.685,-0.6202494859828215
163.725,0.6107259643892086
163.751,-0.9629943306809362
163.778,0.43662715981354133
163.786,-2.662073361597197
163.793,0.6435011087932844
163.8,1.3258176636680326
163.82399999999996,-0.8353565591193911
163.828,-2.6078844619505315
163.873,0.6107259643892086
163.90099999999995,-1.6475682180646747
163.93,0.8198672643969563
163.959,-0.16514867741462683
163.986,2.223642957895671
164.017,-2.6954871046463897
164.15099999999995,-0.18998828791871572
164.18599999999995,2.8023000391357487
164.217,-2.8068558162729786
164.243,1.878849107818673
164.271,-2.104504518434158
164.27599999999995,1.4801364395941514
164.283,1.9513027039072615
164.292,-2.5535900500422257
164.3,2.833539872566017
164.305,1.9074711461816238
164.458,0.6327488350021832
164.597,2.1112158270654806
164.739,-1.2649174553900444
164.854,-0.9380474917927135
164.859,-2.642245931909663
164.878,-1.9437840485949576
165.02599999999995,2.356194490192345
165.176,-2.316215803069055
165.18099999999995,-3.104572537715863
165.19099999999997,2.543173760111256
165.2,-2.5535900500422257
165.209,2.104504518434158
165.321,2.9147938055359073
165.386,0.20539538918976738
165.391,-1.2360594894780819
165.4,-0.4964227534048819
165.408,-1.4410937896389846
165.42,1.7894652726688385
165.43200000000004,-1.8157749899217608
165.44099999999997,-3.108271657711546
165.457,-2.401617769613922
165.46099999999996,0.982793723247329
165.475,-1.4559197213779975
165.484,-0.625485040239229
165.493,-3.0060649396042924
165.502,-0.23374318086890142
165.513,-2.9147938055359073
165.533,-1.4513674007765582
165.544,0.4636476090008061
165.57,3.017237659043032
165.578,0.507098504392337
165.59099999999995,2.2597207150097582
165.59900000000005,-0.9685089806599324
165.604,-2.930499320367047
165.612,0.6107259643892086
165.62400000000005,-2.356194490192345
165.63099999999997,1.5707963267948966
165.66400000000004,-0.21866894587394195
165.803,-1.373400766945016
165.827,-0.7853981633974483
165.96200000000005,-0.43662715981354133
166.102,-1.124690777851493
166.24200000000005,-0.08673833867598511
166.37,2.5748634360662868
166.386,1.3258176636680326
166.399,1.4181469983996315
166.426,-0.22679884805388587
166.453,-2.677945044588987
166.59599999999998,-0.6857295109062863
166.741,2.356194490192345
166.88099999999997,3.036715714859559
167.02,1.0882830317724197
167.15900000000005,0.0
167.3,-2.601173153319209
167.442,1.761980786391911
167.582,-1.446441332248135
167.72099999999998,-0.7188299996216245
167.747,-2.8632929945846817
167.87,1.6756732655251305
167.933,1.2827408797442708
168.003,1.9809236673363877
168.143,-0.6857295109062863
168.282,2.312743594800814
168.386,-2.8555412118724752
168.42,1.6295521495106193
168.446,2.455863142683507
168.47099999999998,-1.5707963267948966
168.61,-0.5880026035475675
168.75799999999995,-2.7367008673047097
168.90200000000004,1.2220253232109897
169.047,2.356194490192345
169.188,1.8157749899217608
169.31599999999997,2.38321493937961
169.47,0.04345089539153084
169.609,-1.1583858851975093
169.64700000000005,2.5360479899848234
169.79,-1.5707963267948966
169.937,-2.761086276477428
170.078,-2.7776136970801493
170.22099999999998,1.446441332248135
170.36,1.6539375586833378
170.50099999999995,-0.9151007005533605
170.63099999999997,-1.217805938967986
170.755,-3.111298893671018
170.898,1.423717971406494
171.03900000000004,-2.356194490192345
171.18,2.4116929954380617
171.322,0.17985349979247828
171.352,-0.9357695914045828
171.497,-2.1025203940537023
171.641,0.3080527810237764
171.78,0.9453112865556675
171.92,2.704965493776252
172.06099999999995,-0.6435011087932844
172.2,2.7091848780192556
172.33900000000003,0.906750163968212
172.395,3.1016139664665032
172.477,-0.2662520491509254
172.61900000000003,0.2662520491509254
172.737,0.5191461142465229
172.75400000000005,1.7454685258031364
172.764,-1.4056476493802699
172.77200000000005,-1.6262948320406134
172.78400000000005,0.7419472680059175
172.794,-1.5707963267948966
172.835,1.7561442767905915
172.888,-0.5713374798336268
172.899,-0.3947911196997615
172.90599999999995,-1.9295669970654687
172.91299999999995,-2.356194490192345
172.983,0.6202494859828215
173.023,0.8850668158886104
173.02700000000004,0.08314123188844123
173.03799999999995,-0.6747409422235526
173.042,2.819842099193151
173.06,-1.446441332248135
173.06400000000005,-0.5880026035475675
173.075,2.9441970937399127
173.079,-0.11065722117389565
173.09099999999995,-1.3909428270024184
173.09799999999996,-1.4876550949064553
173.106,2.312743594800814
173.114,-2.896613990462929
173.12099999999995,1.2924966677897853
173.136,-1.8018869939907938
173.143,-1.695151321341658
173.15400000000002,0.6107259643892086
173.16099999999997,1.3258176636680326
173.166,2.408777551803287
173.299,-1.7063240407803975
173.426,-2.2318394956455836
173.467,-0.372987721800061
173.49599999999995,-1.7004988639508087
173.595,2.992702705980296
173.602,1.1902899496825317
173.611,3.024483909022929
173.62400000000005,2.922923707715851
173.628,1.695151321341658
173.66099999999997,0.9097531579442097
173.68599999999995,2.0899424410414196
173.69,-0.06241880999595735
173.796,-2.1112158270654806
173.82299999999995,-0.14189705460416394
173.889,-1.5707963267948966
173.893,2.4668517113662407
173.951,-1.642103791580187
174.093,1.6814535479687922
174.118,0.3947911196997615
174.172,-1.5232132235179132
174.2,-2.0576955586061656
174.328,1.297787623708186
174.352,-2.498091544796509
174.395,1.039072259536091
174.547,-1.97568811307998
174.676,0.24497866312686414
174.81099999999995,0.4993467216801301
174.93900000000005,2.976443976175166
174.94799999999995,-2.0899424410414196
174.953,-1.4181469983996315
174.96,-2.761086276477428
174.96900000000005,1.1902899496825317
174.982,3.0860941483440762
175.012,1.7782925532300993
175.041,-0.3671738338182192
175.183,1.7975951748487824
175.31099999999995,1.892546881191539
175.435,1.1071487177940904
175.56,2.5269297016676275
175.65,2.662073361597197
175.658,2.662073361597197
175.667,1.9437840485949576
175.674,-2.498091544796509
175.69799999999995,2.7270857790050074
175.84,2.7270857790050074
175.87,-0.1586552621864014
176.018,-1.6475682180646747
176.15900000000005,-2.9829373914033916
176.298,-0.9944211062037129
176.438,2.7270857790050074
176.581,-0.4993467216801301
176.72,1.7539071440573808
176.859,-1.4121410646084953
176.99900000000005,-1.1801892830972098
177.14,-2.992702705980296
177.282,-1.9591150449673627
177.42,-0.6055446636049701
177.56,2.5535900500422257
177.69799999999995,-1.9693187724613168
177.84599999999998,1.1902899496825317
177.984,-2.158798930342464
178.125,2.6344941491974563
178.266,-1.9347752833045406
178.41400000000004,-2.8023000391357487
178.55900000000003,-0.9272952180016122
178.701,2.988943325194528
178.84099999999995,0.3947911196997615
178.981,1.6183794300718801
179.139,1.0191413442663497
179.237,-0.3347368373168147
179.28099999999995,-1.7681918866447774
179.421,-2.356194490192345
179.458,1.9379701606131159
179.468,-2.9441970937399127
179.475,2.2655346029916
179.48,0.24497866312686414
179.489,-2.9441970937399127
179.576,-0.4636476090008061
179.71900000000005,1.9295669970654687
179.861,-0.33667481938672716
180.0,1.8766751981997487
180.02900000000002,-3.1016139664665032
180.17,-1.9333405640594041
180.32,-1.5374753309166493
180.417,-1.837048375945822
180.465,2.2455372690184494
180.601,0.7853981633974483
180.746,-0.388318718172466
180.775,-0.982793723247329
180.904,-0.058755822715722696
181.041,-1.7894652726688385
181.18,0.21406068356382152
181.32,-2.4227626539681686
181.46,-0.4444192099010989
181.603,0.04164257909858842
181.749,-0.27094685033842053
181.895,1.6183794300718801
182.041,-2.0701430484750265
182.179,-2.6971734436886945
182.321,1.7782925532300993
182.347,-0.8139618212362083
182.49400000000003,-2.831889709047337
182.638,0.6000502134017536
182.779,2.2286849319771065
182.92,1.1071487177940904
183.081,1.8588517738455226
183.222,3.1016139664665032
183.364,0.8329812666744317
183.504,0.8960553845713439
183.64,1.2360594894780819
183.773,-1.7004988639508087
183.915,-1.2490457723982544
183.941,-1.5152978215491797
184.013,-2.0344439357957027
184.083,0.6823165548747481
184.111,1.6447353644528369
184.257,0.11065722117389565
184.399,-1.512040504079174
184.54,-1.4181469983996315
184.678,0.11065722117389565
184.707,2.4668517113662407
184.852,-1.1383885512243588
184.988,0.6055446636049701
185.006,-2.651635327336065
185.027,-0.5880026035475675
185.052,-1.042721878368537
185.194,1.1309537439791604
185.342,2.5829933382462307
185.36900000000003,-3.079173843593836
185.516,-1.5707963267948966
185.657,-2.6292031932790554
185.797,-1.2036224929766774
185.95,0.9048270894157867
186.095,-1.7681918866447774
186.245,0.06241880999595735
186.393,1.0191413442663497
186.557,-2.7928216500058864
186.705,-1.3909428270024184
186.831,-0.8850668158886104
186.858,0.10487693873023389
187.006,-2.5535900500422257
187.011,0.8253768505207384
187.147,-1.2649174553900444
187.177,0.4636476090008061
187.315,-2.312743594800814
187.333,0.6146629519221655
187.337,0.6146629519221655
187.346,1.849095985800008
187.364,-1.067953115867036
187.373,-3.0309354324158977
187.478,3.061762667877556
187.622,-2.788602265762883
187.759,0.8329812666744317
187.901,-0.9048270894157867
187.927,2.9441970937399127
188.062,-1.9890206563741257
188.088,1.3397056595989996
188.233,-2.356194490192345
188.272,0.0
188.316,2.312743594800814
188.405,0.982793723247329
188.542,0.07130746478529032
188.565,2.761086276477428
188.712,1.5707963267948966
188.881,-2.4756234162106834
189.023,2.714965160462917
189.164,-0.7086262721276703
189.194,-1.4056476493802699
189.337,1.7561442767905915
189.36,-2.201875714266226
189.49,-0.24497866312686414
189.634,2.356194490192345
189.661,0.19739555984988075
189.799,2.677945044588987
189.94,1.7004988639508087
190.101,-2.158798930342464
190.274,-2.6590793585673165
190.3,1.2490457723982544
190.316,-0.1586552621864014
190.441,2.473303234759209
190.58,2.843093722003614
190.721,-2.6992184306130484
190.861,-2.819842099193151
190.998,-2.677945044588987
191.025,-2.289626326416521
191.138,1.373400766945016
191.281,-1.3397056595989996
191.418,0.7044940642422177
191.561,-0.8176450458327023
191.701,-1.4141944498128813
191.842,-2.9441970937399127
191.86900000000003,0.22679884805388587
192.018,-2.7091848780192556
192.045,0.8760580505981934
192.17,1.5707963267948966
192.194,-1.4288992721907328
192.337,1.460139105621001
192.481,2.9829373914033916
192.63,2.5213431676069717
192.777,1.0636978224025597
192.904,0.05258306161094172
192.93400000000003,-0.260602391747341
193.077,-0.8176450458327023
193.221,-0.8960553845713439
193.363,1.0838970949836275
193.502,-0.04995839572194276
193.642,0.7531512809621944
193.781,0.21866894587394195
193.922,0.7531512809621944
194.063,-2.65711472455277
194.2,0.0
194.327,-1.8417431771333173
194.33900000000003,2.677945044588987
194.483,2.38648825011112
194.62,-0.07130746478529032
194.761,-2.5415424401880395
194.79,3.0419240010986313
194.936,-2.761086276477428
195.08,-2.677945044588987
195.219,-1.176005207095135
195.36,2.743070207923373
195.391,-1.1659045405098132
195.396,1.1341691669813554
195.404,2.8842689386187046
195.412,0.29544083714372
195.422,0.4636476090008061
195.447,-0.4444192099010989
195.461,0.982793723247329
195.47,2.384758148031105
195.483,-2.7557099841917196
195.496,-1.5232132235179132
195.502,1.6672701019774836
195.506,-1.1284221038181517
195.511,2.8842689386187046
195.52,2.356194490192345
195.532,0.702256931509007
195.546,2.958481836327309
195.555,-1.1441688336680205
195.567,1.9974238199217726
195.582,0.2662520491509254
195.6,1.1659045405098132
195.604,2.961739153797315
195.617,1.4758446204521403
195.627,2.17084654019665
195.637,-2.2058230621852104
195.669,1.6575346654708818
195.716,-0.40024065703397416
195.816,1.382574821490126
195.957,1.3521273809209546
196.096,3.050932766389048
196.117,2.399645385583876
196.126,-0.39852244566642026
196.139,2.819842099193151
196.236,-2.4227626539681686
196.262,2.9562447035940984
196.391,-0.8884797719201485
196.537,-0.15660187698201536
196.608,-1.0303768265243125
196.68,-1.7681918866447774
196.823,2.1995926132103296
196.956,3.0750244898139694
196.976,-1.7359450042095235
197.12,-0.6055446636049701
197.258,1.3045442776439713
197.398,1.892546881191539
197.539,2.399645385583876
197.68,1.849095985800008
197.821,1.8018869939907938
197.96400000000003,-0.9048270894157867
198.107,0.8685393952858895
198.24400000000003,-0.7188299996216245
198.275,0.9964914966201949
198.409,-2.356194490192345
198.541,-2.5748634360662868
198.578,1.97568811307998
198.596,2.5829933382462307
198.685,-0.3671738338182192
198.709,2.4756234162106834
198.85,2.2367655641740063
199.002,-2.316215803069055
199.035,0.7266423406817256
199.146,-1.7126933813990606
199.191,-1.2753554896511765
199.293,0.07677189126977804
199.438,0.4899573262537283
199.577,-1.892546881191539
199.718,1.7681918866447774
199.74400000000003,2.729182211992406
199.89,0.12435499454676144
199.921,3.0828368308740703
200.069,2.907849472720892
200.14,-0.4899573262537283
200.282,-1.9693187724613168
200.435,-0.7266423406817256
200.579,1.1525719972156676
200.718,-0.8329812666744317
200.74400000000003,1.7359450042095235
200.787,0.24497866312686414
200.937,-0.4398425828157362
201.079,2.5360479899848234
201.222,-0.4444192099010989
201.397,-1.7681918866447774
201.54,3.141592653589793
201.68,0.7853981633974483
201.79,2.8685839505030826
201.819,-2.3291740410050803
201.959,3.0419240010986313
202.101,-3.1016139664665032
202.241,0.982793723247329
202.356,1.690225252813235
202.393,1.1441688336680205
202.542,1.5291537476963082
202.606,0.6107259643892086
202.681,2.137525544318403
202.797,-0.4636476090008061
202.804,0.04345089539153084
202.812,-1.6575346654708818
202.821,1.9195673303788037
202.825,-1.373400766945016
202.966,-1.1441688336680205
203.122,-2.293775680196388
203.252,-1.4288992721907328
203.279,-1.9890206563741257
203.421,1.8622531212727638
203.56,-0.5763752205911837
203.7,1.3439974787410107
203.84,3.1031500635686053
203.866,-0.4297622790966885
203.893,1.3156139361740782
203.923,-2.5535900500422257
203.948,2.782821983319221
204.086,2.601173153319209
204.222,2.007423486608438
204.257,-1.2315037123408519
204.283,-2.2655346029916
204.418,0.4899573262537283
204.56,-2.7928216500058864
204.7,-1.97568811307998
204.841,2.393214606066275
204.981,0.43662715981354133
205.12,0.7509290623979403
205.146,1.1722738811284763
205.29,-0.7188299996216245
205.437,1.2490457723982544
205.58,-2.455863142683507
205.724,2.8068558162729786
205.868,1.2490457723982544
205.895,0.48689923181126904
206.038,2.601173153319209
206.18,-0.30587887140485215
206.203,0.0
206.341,-0.23109066719589708
206.466,-1.5707963267948966
206.489,-2.5088438185876103
206.633,-1.6207547225168393
206.76,1.8157749899217608
206.785,-1.512040504079174
206.793,-2.65711472455277
206.8,1.804539507663798
206.813,0.4444192099010989
206.901,1.4758446204521403
207.041,-2.4775464907631086
207.069,-3.0727361642887487
207.195,-0.6435011087932844
207.33900000000003,-1.0074800653029286
207.482,1.067953115867036
207.621,0.8478169733934057
207.758,-1.4410937896389846
207.901,0.039978687123290044
208.043,1.3654009376051293
208.072,2.191045812777718
208.206,-3.070285188804503
208.211,1.396124127786657
208.36,3.141592653589793
208.5,2.647651284670212
208.64,2.323947607757091
208.782,-1.6162196062164735
208.919,1.3370531459259951
209.05900000000003,-1.8622531212727638
209.202,-0.6202494859828215
209.343,-2.356194490192345
209.481,-0.35877067027057225
209.624,1.1441688336680205
209.759,2.293775680196388
209.902,-1.9591150449673627
210.046,2.6344941491974563
210.074,-0.8850668158886104
210.098,3.0916342578678506
210.227,-2.4756234162106834
210.266,2.677945044588987
210.401,1.5707963267948966
210.541,-1.1441688336680205
210.636,-3.0309354324158977
210.68400000000003,0.5667292175235064
210.819,0.27094685033842053
210.961,-1.4056476493802699
211.101,0.8519663271732721
211.241,-1.2120256565243244
211.316,-0.8960553845713439
211.381,-0.3217505543966422
211.52,1.9513027039072615
211.555,0.5280744484263596
211.663,2.969401839066854
211.816,1.633215136790854
211.86,2.4186133001883023
211.867,1.2220253232109897
211.886,0.9048270894157867
211.892,0.9097531579442097
211.957,-0.35299038782691045
211.962,0.8685393952858895
211.974,-0.20749622643520266
211.984,-1.7561442767905915
211.99,0.3217505543966422
211.996,1.0768549578753155
212.031,-0.3805063771123649
212.069,-0.21866894587394195
212.111,-0.3430239404207034
212.116,0.6107259643892086
212.124,1.633215136790854
212.128,-1.6295521495106193
212.143,-0.3217505543966422
212.147,-0.3217505543966422
212.151,-0.3217505543966422
212.162,1.1341691669813554
212.166,-0.5404195002705842
212.18,-0.2984989315861793
212.185,-0.2984989315861793
212.189,-0.2984989315861793
212.199,-1.2036224929766774
212.204,1.0714496051147666
212.211,1.1441688336680205
212.215,1.8157749899217608
212.219,-0.7509290623979403
212.227,0.6556956262415362
212.232,-2.1995926132103296
212.239,1.446441332248135
212.354,0.7188299996216245
212.377,2.4805494847391065
212.521,1.8157749899217608
212.645,1.3521273809209546
212.721,2.800613700093444
212.728,-0.8567056281827387
212.74400000000003,1.1232763516377267
212.755,1.0603080048781208
212.781,-2.401617769613922
212.814,-3.038511045067093
212.95,2.0344439357957027
212.981,-2.82955053202726
213.122,-1.089909046599561
213.262,-2.5672878234150915
213.401,2.723368324010564
213.425,-1.776191715984664
213.45,2.609868586330988
213.492,-1.5291537476963082
213.515,2.8785979219088738
213.64,2.104504518434158
213.667,1.2252407462131845
213.793,-2.0106389096106327
213.852,-0.3430239404207034
213.861,-1.3101939350475555
213.868,-1.9379701606131159
213.877,1.1441688336680205
213.937,0.9964914966201949
214.062,-2.137525544318403
214.085,2.5127963671743605
214.114,3.011890116433881
214.241,2.2531128816696446
214.272,3.0860941483440762
214.364,0.1746721990082397
214.394,0.7419472680059175
214.522,1.7782925532300993
214.588,1.1722738811284763
214.598,-0.17219081452293902
214.607,-3.054854314913808
214.614,2.214297435588181
214.661,2.0152155366959956
214.8,2.601173153319209
214.94,-0.6435011087932844
215.09,0.40489178628508343
215.239,-1.892546881191539
215.366,1.0191413442663497
215.382,-2.7928216500058864
215.52,-2.4116929954380617
215.546,-0.14189705460416394
215.666,-2.9441970937399127
215.691,-1.1071487177940904
215.829,1.7681918866447774
215.969,2.7367008673047097
216.106,-1.4994888620096063
216.245,2.356194490192345
216.385,2.5535900500422257
216.52,0.24497866312686414
216.545,1.5707963267948966
216.681,-0.8685393952858895
216.818,1.9138202672156
216.971,2.9562447035940984
217.106,2.4416997838705496
217.253,1.5707963267948966
217.366,-0.4228539261329407
217.4,2.0899424410414196
217.542,-2.129395642138459
217.567,-1.1722738811284763
217.697,-0.9272952180016122
217.734,1.7234456551901618
217.763,0.14888994760949725
217.793,1.6475682180646747
217.82,2.5829933382462307
217.824,1.2220253232109897
217.831,-0.1746721990082397
217.841,2.0344439357957027
217.848,3.141592653589793
217.966,-2.1224513093234436
217.971,0.5880026035475675
217.976,1.1071487177940904
217.982,0.9097531579442097
217.991,2.9669204545815537
217.995,3.141592653589793
218.0,0.8288490587889792
218.01,0.7853981633974483
218.014,3.024483909022929
218.024,-1.4382447944982226
218.029,-1.8692952583810758
218.041,-2.647651284670212
218.048,-1.5707963267948966
218.053,-2.9147938055359073
218.064,3.0860941483440762
218.068,-2.256525837701183
218.078,1.7818896600176433
218.085,0.9272952180016122
218.141,2.761086276477428
218.262,1.892546881191539
218.386,-2.922923707715851
218.395,-2.0778948311872334
218.511,-2.6344941491974563
218.522,-1.0303768265243125
218.53,-1.446441332248135
218.54,-0.16514867741462683
218.549,-0.982793723247329
218.553,2.44685437739309
218.685,2.761086276477428
218.816,0.982793723247329
218.957,2.999695598985629
218.985,0.7419472680059175
219.115,-1.1341691669813554
219.139,0.058755822715722696
219.177,3.141592653589793
219.206,1.7975951748487824
219.238,-0.9685089806599324
219.268,-2.6344941491974563
219.399,-2.804917834203066
219.533,-1.2924966677897853
219.663,2.999695598985629
219.723,-2.5535900500422257
219.734,-2.662073361597197
219.761,-2.0344439357957027
219.77,-2.999695598985629
219.8,1.7942729279355296
219.924,-0.8176450458327023
220.049,-3.0060649396042924
220.173,3.024483909022929
220.204,-0.12435499454676144
220.341,1.878849107818673
220.368,-2.714965160462917
220.394,-1.9513027039072615
220.47,-0.6435011087932844
220.481,-1.4410937896389846
220.49,-0.6556956262415362
220.501,0.6435011087932844
220.538,2.388441372627599
220.682,-0.9505468408120752
220.706,0.5317240672588056
220.853,-0.5280744484263596
220.997,1.039072259536091
221.012,-1.5273454314033659
221.139,-0.6350267353903137
221.28,1.2924966677897853
221.375,2.6311043316730176
221.415,-2.5625183842220625
221.552,2.432966381462123
221.58,-1.7607846147136124
221.617,1.776191715984664
221.743,1.5707963267948966
221.877,-0.14189705460416394
222.0,1.837048375945822
222.14,-2.616796881939686
222.278,-2.4149503129080676
222.419,0.8818719385800352
222.55900000000003,-1.4536875822280324
222.699,-1.382574821490126
222.84,2.5269297016676275
222.979,0.7266423406817256
223.121,-2.256525837701183
223.259,-2.356194490192345
223.399,-0.5743048301747018
223.54,-0.8884797719201485
223.564,-0.714090698612158
223.705,3.096169374168216
223.842,0.7086262721276703
223.866,-1.0584068664841588
223.894,-2.999695598985629
224.038,0.20749622643520266
224.18,2.0106389096106327
224.318,2.7509856098921066
224.461,0.702256931509007
224.601,-1.2890244595215445
224.759,2.158798930342464
224.892,-2.9441970937399127
225.039,-1.1284221038181517
225.183,-1.2793395323170296
225.321,0.15264932839526515
225.446,0.3906070436976868
225.45,0.3392926144540447
225.465,-1.7126933813990606
225.482,-2.488746022489019
225.491,2.616796881939686
225.503,2.214297435588181
225.515,2.788602265762883
225.525,1.4382447944982226
225.537,1.6183794300718801
225.547,0.4844779290370232
225.555,-0.7086262721276703
225.566,1.4382447944982226
225.582,3.141592653589793
225.599,-0.4825132950224769
225.611,-0.9025069079643125
225.62,2.976443976175166
225.624,-2.976443976175166
225.632,-0.7853981633974483
225.646,-1.0460005551447893
225.657,-0.7853981633974483
225.668,-0.17985349979247828
225.677,1.067953115867036
225.768,0.7509290623979403
225.927,1.4659193880646628
226.076,-2.969401839066854
226.1,2.2597207150097582
226.126,3.141592653589793
226.146,-0.5713374798336268
226.271,-0.6435011087932844
226.302,-1.6262948320406134
226.337,1.6575346654708818
226.372,-0.9453112865556675
226.377,2.1763409903998667
226.445,1.2679114584199251
226.48,2.5269297016676275
226.61900000000003,2.0899424410414196
226.76,0.6857295109062863
226.902,0.2730087030867106
227.058,-1.217805938967986
227.203,1.6373644905707205
227.338,1.892546881191539
227.478,0.0
227.505,-1.878849107818673
227.534,-1.7063240407803975
227.677,-1.0074800653029286
227.701,-2.601173153319209
227.83900000000003,-2.7367008673047097
227.983,-2.0831857871056343
228.115,1.8018869939907938
228.247,-0.982793723247329
228.385,2.961739153797315
228.445,-0.08673833867598511
228.521,-3.0750244898139694
228.553,2.3305590816706676
228.712,2.0344439357957027
228.86,2.843093722003614
228.999,-0.8621700546672264
229.036,-2.2318394956455836
229.187,1.512040504079174
229.225,-2.723368324010564
229.381,-2.9533711482850227
229.395,-1.8157749899217608
229.459,2.988943325194528
229.524,1.7561442767905915
229.671,1.4758446204521403
229.818,2.488746022489019
229.961,-1.1309537439791604
230.095,-2.2455372690184494
230.237,1.4410937896389846
230.376,0.83798122500839
230.518,2.17084654019665
230.667,-2.289626326416521
230.804,0.8850668158886104
230.831,3.141592653589793
230.859,-0.9179496956941223
231.002,2.279422598922567
231.143,-1.6704649792860586
231.298,1.4659193880646628
231.323,2.5899376710612465
231.476,-0.047583103276983396
231.617,-0.982793723247329
231.641,1.5707963267948966
231.779,-2.38648825011112
231.912,-0.1297025371559121
231.957,-0.507098504392337
231.973,1.6657480331376529
231.984,-2.7776136970801493
231.993,-2.838707785214822
232.047,-1.217805938967986
232.051,-1.373400766945016
232.05900000000003,0.2914567944778671
232.065,-0.8960553845713439
232.075,-0.05258306161094172
232.155,0.05549850524571683
232.165,-0.5317240672588056
232.172,0.6327488350021832
232.176,-1.4141944498128813
232.182,1.2924966677897853
232.189,0.8567056281827387
232.194,-2.399645385583876
232.202,0.3906070436976868
232.209,-1.8281200417659853
232.227,-0.9048270894157867
232.24,1.1525719972156676
232.247,2.6344941491974563
232.272,2.2318394956455836
232.322,0.6747409422235526
232.451,-1.9693187724613168
232.456,0.43240777557053783
232.59,-1.687905071361761
232.672,1.0222469243443686
232.68,-2.7532739354173272
232.689,-2.388441372627599
232.701,-0.047583103276983396
232.737,1.8766751981997487
232.768,0.0
232.803,1.217805938967986
232.828,2.323947607757091
232.854,1.373400766945016
232.88,-1.4659193880646628
233.007,0.6747409422235526
233.034,-2.6344941491974563
233.158,2.578276392097825
233.301,-1.7782925532300993
233.326,1.9693187724613168
233.354,-1.2649174553900444
233.39,-2.5535900500422257
233.518,0.6556956262415362
233.649,2.223642957895671
233.781,0.0
233.894,-2.761086276477428
233.903,0.6327488350021832
233.907,-0.9179496956941223
233.915,1.6233793884058383
233.927,-0.6055446636049701
234.032,-2.7686049317897323
234.175,2.356194490192345
234.308,-1.8766751981997487
234.433,2.2655346029916
234.56,2.1112158270654806
234.609,2.158798930342464
234.616,0.3028848683749714
234.623,-0.05549850524571683
234.631,-2.2455372690184494
234.698,2.65711472455277
234.838,-0.3028848683749714
234.984,2.8501358591119264
235.121,-2.356194490192345
235.258,-2.1224513093234436
235.414,-1.6262948320406134
235.561,0.9685089806599324
235.701,-0.40489178628508343
235.841,2.5672878234150915
235.982,-1.4219063791853994
236.11900000000003,1.0584068664841588
236.262,1.6233793884058383
236.399,-1.3633001003596938
236.532,2.1341125882868646
236.659,0.36397895650964407
236.697,0.0
236.723,1.0191413442663497
236.846,-1.5707963267948966
236.873,1.5707963267948966
237.015,1.4758446204521403
237.138,-0.8478169733934057
237.167,-1.2360594894780819
237.307,1.5152978215491797
237.446,0.15660187698201536
237.486,2.723368324010564
237.631,1.892546881191539
237.66,0.982793723247329
237.8,0.10487693873023389
237.954,-1.5707963267948966
238.103,-0.19739555984988075
238.231,2.356194490192345
238.359,2.5065659181994793
238.502,-3.0221637275714546
238.66,-2.432966381462123
238.8,2.2730532583039036
238.941,0.628796286415433
239.082,-2.9533711482850227
239.223,0.17985349979247828
239.36,0.0
239.389,-0.5247957716501074
239.527,1.5707963267948966
239.673,2.593043251139265
239.698,1.373400766945016
239.83900000000003,-1.719686274404394
239.866,0.43240777557053783
239.904,1.9513027039072615
239.945,1.5182132651839548
240.092,1.6657480331376529
240.237,-2.4186133001883023
240.382,1.1902899496825317
240.475,1.6373644905707205
240.526,2.0647376957144776
240.661,1.3633001003596938
240.791,0.4636476090008061
240.936,-1.1071487177940904
241.081,-1.1583858851975093
241.225,0.6202494859828215
241.36,0.7378150601204649
241.482,2.316215803069055
241.491,0.27829965900511133
241.499,1.5707963267948966
241.503,-0.7328151017865066
241.521,2.0344439357957027
241.656,-2.930499320367047
241.8,1.7033478590915707
241.941,0.3805063771123649
242.071,2.704965493776252
242.105,-3.024483909022929
242.24,-1.2490457723982544
242.38,-1.892546881191539
242.416,0.6435011087932844
242.574,-0.40489178628508343
242.717,0.0
242.862,2.5308666892005847
243.01,1.4288992721907328
243.152,-2.129395642138459
243.297,-0.3947911196997615
243.437,2.651635327336065
243.58,2.8461518164460733
243.719,1.8417431771333173
243.748,1.1902899496825317
243.893,-0.11065722117389565
244.04,1.0074800653029286
244.179,0.7509290623979403
244.318,2.427501954977635
244.462,-1.1801892830972098
244.468,-0.5880026035475675
244.498,0.3906070436976868
244.605,0.2662520491509254
244.743,2.44685437739309
244.901,-2.3191743743184148
245.041,-2.2318394956455836
245.174,2.677945044588987
245.185,-2.393214606066275
245.233,-2.9105019863938963
245.324,-0.5404195002705842
245.463,1.892546881191539
245.61,0.3671738338182192
245.634,2.1193457292454245
245.78,0.047583103276983396
245.805,0.0
245.951,0.8176450458327023
245.98,-2.356194490192345
246.118,1.0303768265243125
246.268,3.141592653589793
246.399,-1.7234456551901618
246.539,0.0
246.666,-1.5291537476963082
246.815,-2.0736395377227574
246.958,-1.176005207095135
247.091,-1.2627435457711202
247.121,-1.4513674007765582
247.26,-2.9441970937399127
247.399,-2.1193457292454245
247.548,-0.16514867741462683
247.579,-0.7853981633974483
247.718,1.5707963267948966
247.748,1.2277723863741932
247.891,0.7044940642422177
248.037,-2.677945044588987
248.179,-1.6475682180646747
248.308,-3.061762667877556
248.435,0.24497866312686414
248.58,2.390663591191853
248.719,-2.6954871046463897
248.859,2.961739153797315
248.999,-0.982793723247329
249.028,-2.2455372690184494
249.052,-1.0074800653029286
249.198,2.0169018757383004
249.33900000000003,-2.7776136970801493
249.479,0.9272952180016122
249.622,-0.8408966686431651
249.763,1.8692952583810758
249.904,-1.6814535479687922
250.04,2.459276098715045
250.17,-0.33667481938672716
250.316,0.04995839572194276
250.455,-1.0303768265243125
250.601,-1.0164888305933455
250.74,-2.999695598985629
250.882,-0.12435499454676144
251.024,-2.543173760111256
251.163,-0.8329812666744317
251.192,-2.896613990462929
251.337,-1.7818896600176433
251.361,2.0672190801997785
251.386,2.3805798993650633
251.541,1.4056476493802699
251.675,1.7681918866447774
251.702,-2.0899424410414196
251.737,2.1025203940537023
251.763,0.6146629519221655
251.9,-0.24497866312686414
252.039,0.5984188934785372
252.187,1.6575346654708818
252.334,-2.2597207150097582
252.481,1.124690777851493
252.618,2.0831857871056343
252.76,0.7568345055586884
252.784,-2.0852476398539244
252.922,-3.011890116433881
253.05900000000003,-0.16514867741462683
253.198,2.498091544796509
253.337,0.6889243882148613
253.475,0.34555558058171215
253.5,-0.7266423406817256
253.638,-3.0060649396042924
253.661,-2.007423486608438
253.799,-0.10487693873023389
253.94,3.058451421701352
254.079,-0.8478169733934057
254.218,1.1479424006619559
254.361,0.0
254.389,1.1722738811284763
254.543,1.1479424006619559
254.547,-0.982793723247329
254.552,-0.982793723247329
254.7,0.3080527810237764
254.855,-2.831889709047337
254.999,2.616796881939686
255.14,1.6124389058934852
255.279,2.0899424410414196
255.423,-2.0344439357957027
255.45,1.892546881191539
255.455,-0.8960553845713439
255.459,2.279422598922567
255.467,-0.09347678115858947
255.471,2.578276392097825
255.487,2.7248903928503947
255.491,1.0516502125483738
255.504,-0.8176450458327023
255.514,-1.0636978224025597
255.525,2.677945044588987
255.534,2.5672878234150915
255.544,-2.104504518434158
255.557,0.2629947316809195
255.562,-2.2286849319771065
255.567,1.3521273809209546
255.572,-0.04164257909858842
255.584,-1.784857010358718
255.599,2.8461518164460733
255.613,0.7597627548757708
255.622,0.4145068745847859
255.63,-0.11487660541689913
255.639,2.399645385583876
255.657,0.2984989315861793
255.669,0.507098504392337
255.677,2.060753653048625
255.693,0.4346702151492448
255.704,0.3120421215625333
255.713,0.33205946754288546
255.774,-1.6506263125071339
255.858,2.677945044588987
255.997,-2.473303234759209
256.022,-1.5308176396716067
256.176,-1.0882830317724197
256.189,-0.21406068356382152
256.317,0.372987721800061
256.345,-2.8068558162729786
256.435,3.104572537715863
256.488,1.9809236673363877
256.634,1.965587446494658
256.641,1.0303768265243125
256.646,-1.373400766945016
256.656,-1.776191715984664
256.779,-0.628796286415433
256.921,0.9420000403794636
257.004,1.4909663410826592
257.059,-2.429235055495464
257.198,-3.107123552590285
257.341,2.0899424410414196
257.48400000000004,-0.14888994760949725
257.524,2.609868586330988
257.559,0.48689923181126904
257.587,-0.5123894603107377
257.626,1.804539507663798
257.634,-0.8478169733934057
257.642,-2.356194490192345
257.652,0.3080527810237764
257.72900000000004,-2.38648825011112
257.877,-0.08673833867598511
257.91200000000003,-0.9944211062037129
258.043,2.999695598985629
258.068,-2.782821983319221
258.212,-1.2360594894780819
258.342,-1.1978086049948355
258.435,1.6092389168160846
258.481,2.743070207923373
258.508,-1.965587446494658
258.621,0.7853981633974483
258.652,0.982793723247329
258.657,1.2341215074081695
258.685,-0.40489178628508343
258.713,2.833539872566017
258.883,0.4423742229767449
259.029,-2.44685437739309
259.193,-0.9420000403794636
259.336,-1.9437840485949576
259.464,-2.185459278717062
259.61,-0.5880026035475675
259.731,3.141592653589793
259.758,-0.5516549825285468
259.898,2.961739153797315
260.039,-1.2827408797442708
260.194,-2.804917834203066
260.22,-2.297438667476622
260.362,-1.0768549578753155
260.5,-2.875340604438868
260.639,1.047518004662921
260.78,1.4157995848709557
260.922,-2.587285157388242
261.072,-1.4827889532671559
261.214,1.2578950989145121
261.357,0.4636476090008061
261.514,0.2741674511196588
261.668,-2.2621332555643585
261.807,-0.6435011087932844
261.826,-1.9710369838288708
261.953,1.2924966677897853
262.098,1.3521273809209546
262.245,-0.2629947316809195
262.391,0.3671738338182192
262.445,1.9379701606131159
262.533,-0.8902751021276822
262.666,2.178598322908857
262.67900000000003,-2.7790484163252858
262.82,2.995580395878518
262.962,1.092443895416239
263.10200000000003,-0.5880026035475675
263.242,-0.8902751021276822
263.279,0.18998828791871572
263.422,-1.380808038876181
263.562,-0.4993467216801301
263.701,-0.9629943306809362
263.742,-2.356194490192345
263.814,-1.356735643231075
263.959,-0.3392926144540447
264.106,0.6510767214444798
264.138,-0.3868757177310281
264.183,-2.2612427838495885
264.191,-2.692869309579072
264.198,-1.0121970114513341
264.206,-0.7631795980707292
264.278,-2.429235055495464
264.42,-0.5880026035475675
264.553,-2.169215220273434
264.594,0.0
264.693,-2.91811605244916
264.836,-1.2753554896511765
264.97900000000004,1.7539071440573808
265.126,1.6142472221864275
265.28,-0.712357598094329
265.42,2.7686049317897323
265.445,-1.6856729322117958
265.57,-2.2390857456254807
265.585,-2.8864102629689747
265.716,2.3291740410050803
265.857,-2.256525837701183
266.016,2.498091544796509
266.159,-2.455863142683507
266.297,-1.5337762109209665
266.42400000000004,-2.642245931909663
266.435,1.2753554896511765
266.555,1.6092389168160846
266.591,2.332942867381882
266.649,2.498091544796509
266.664,2.701750070774057
266.671,0.8156919233162234
266.682,-2.332942867381882
267.045,-2.9441970937399127
267.6,1.39408747072486
268.0,-1.0303768265243125
268.264,0.6889243882148613
268.66200000000003,0.7853981633974483
269.766,1.3876855095324125
270.16200000000003,-3.0060649396042924
270.491,1.9974238199217726
270.677,2.62244653934327
270.891,-0.6857295109062863
271.612,0.28805544705062586
272.01,0.65788860518221
273.017,1.2649174553900444
