real_timestamp,Amplitude
0.299831,85.70297544426332
2.93323,31.144823004794873
3.40686,34.20526275297414
4.29673,20.808652046684813
4.30169,23.345235059857504
4.34901,21.587033144922902
4.35344,17.72004514666935
4.36803,20.615528128088304
4.38068,21.400934559032695
4.3979300000000014,23.53720459187964
4.40452,24.186773244895647
4.40963,18.027756377319946
4.4139800000000005,21.2602916254693
4.4184,22.02271554554524
4.4241199999999985,23.323807579381203
4.43759,25.553864678361276
4.44233,24.166091947189145
4.44658,21.95449840010015
4.45084,21.095023109728988
4.45485,18.973665961010276
4.4587900000000005,17.029386365926403
4.4689,24.08318915758459
4.47362,24.698178070456937
4.47817,15.297058540778355
4.482480000000002,22.02271554554524
4.49066,19.72308292331602
4.49507,20.09975124224178
4.49943,28.319604517012593
4.50929,24.041630560342615
4.51403,18.867962264113206
4.51809,19.849433241279208
4.52652,28.42534080710379
4.53101,18.439088914585774
4.54223,28.071337695236398
4.547,17.46424919657298
4.55161,28.30194339616981
4.5591800000000005,28.653097563788805
4.56629,29.068883707497267
4.57665,24.515301344262525
4.58671,26.076809620810597
4.59755,31.240998703626616
4.61578,28.30194339616981
4.62721,23.853720883753127
4.63162,25.612496949731394
4.63624,26.627053911388696
4.65993,27.65863337187866
4.66742,31.144823004794873
4.6742599999999985,32.0624390837628
4.68179,31.827660925679098
4.68677,27.294688127912362
4.78144,26.90724809414742
4.7935300000000005,26.1725046566048
4.80551,24.839484696748443
4.8126,29.410882339705484
4.82193,26.90724809414742
4.85886,23.40939982143925
4.87528,24.20743687382041
4.88991,17.0
4.90034,15.652475842498529
4.91167,17.029386365926403
4.9161,15.297058540778355
5.01673,19.235384061671343
5.05032,21.587033144922902
5.05667,16.15549442140351
5.1848,6.324555320336759
5.20329,3.0
5.2107,2.8284271247461903
5.2198,2.0
5.22659,5.656854249492381
5.23131,6.0
5.2373,7.280109889280518
5.24477,12.165525060596439
5.37322,39.84971769034255
5.49455,29.427877939124322
5.61468,21.470910553583888
5.6386400000000005,17.029386365926403
5.76365,35.77708763999664
5.80186,29.068883707497267
5.92331,28.635642126552707
6.04735,26.1725046566048
6.17324,26.832815729997478
6.29525,26.476404589747453
6.41704,25.495097567963924
6.53877,28.30194339616981
6.666739999999999,27.730849247724095
6.7659,31.064449134018133
6.7762600000000015,30.805843601498726
6.7839100000000006,32.449961479175904
6.7965300000000015,27.294688127912362
6.80082,23.021728866442675
6.91211,27.073972741361768
6.92453,28.160255680657446
6.932930000000002,27.65863337187866
6.9515699999999985,28.635642126552707
6.96508,29.068883707497267
7.05695,31.38470965295043
7.0949300000000015,29.0
7.1039,21.633307652783937
7.20631,27.018512172212592
7.21506,28.0178514522438
7.22013,27.51363298439521
7.225,28.600699292150182
7.23053,20.0
7.23441,26.570660511172846
7.24867,28.792360097775937
7.2754699999999985,20.223748416156685
7.36282,29.206163733020468
7.3719199999999985,34.132096331752024
7.379060000000001,33.734255586866
7.38542,34.40930106817051
7.4127399999999986,32.01562118716424
7.54098,31.38470965295043
7.673389999999999,36.40054944640259
7.68115,24.331050121192877
7.70597,22.02271554554524
7.824289999999999,28.284271247461902
7.87403,31.622776601683793
7.9067,34.713109915419565
7.999219999999998,24.041630560342615
8.12565,26.870057685088806
8.133569999999999,21.93171219946131
8.140260000000001,26.92582403567252
8.147639999999999,28.635642126552707
8.16067,26.476404589747453
8.16502,28.0178514522438
8.19486,27.16615541441225
8.22051,24.73863375370596
8.27683,29.410882339705484
8.41491,32.64965543462902
8.54222,20.12461179749811
8.57085,19.697715603592208
8.612689999999999,25.495097567963924
8.654819999999999,31.78049716414141
8.73378,17.88854381999832
8.75348,22.02271554554524
8.76068,19.235384061671343
8.77092,23.769728648009426
8.78058,22.090722034374522
8.92806,19.72308292331602
8.9677,23.769728648009426
9.10262,19.79898987322333
9.1433,21.470910553583888
9.17713,27.202941017470888
9.31873,28.160255680657446
9.44776,25.019992006393608
9.45478,21.93171219946131
9.4591,25.942243542145693
9.46433,21.095023109728988
9.47546,28.600699292150182
9.47998,20.248456731316587
9.4901,23.853720883753127
9.49483,19.697715603592208
9.5094,26.92582403567252
9.60379,27.018512172212592
9.63407,14.422205101855956
9.67146,14.035668847618199
9.79849,1.0
9.83173,5.0990195135927845
9.967,17.029386365926403
10.1047,13.152946437965905
10.2307,7.810249675906654
10.3019,7.615773105863909
10.3885,11.045361017187261
10.5154,7.615773105863909
10.5428,9.848857801796104
10.5782,9.433981132056603
10.6108,15.0
10.7414,18.384776310850235
10.7684,15.811388300841896
10.8724,14.560219778561036
11.0058,19.6468827043885
11.0305,22.80350850198276
11.0667,18.439088914585774
11.1562,25.632011235952593
11.2884,18.027756377319946
11.4296,25.632011235952593
11.5675,26.92582403567252
11.6069,26.68332812825267
11.6341,27.459060435491963
11.715,21.18962010041709
11.7222,27.65863337187866
11.7306,20.248456731316587
11.7378,27.202941017470888
11.7641,20.12461179749811
11.8114,31.953090617340916
11.9378,25.632011235952593
12.0621,22.0
12.1151,31.144823004794873
12.1381,29.732137494637012
12.1637,26.019223662515376
12.2907,32.802438933713454
12.4153,28.284271247461902
12.5426,26.1725046566048
12.6694,22.02271554554524
12.7999,30.4138126514911
12.9248,25.612496949731394
13.0691,29.68164415931166
13.1041,18.384776310850235
13.1112,20.591260281974
13.1222,22.561028345356956
13.1324,15.297058540778355
13.2151,20.0
13.2271,13.601470508735444
13.2316,14.422205101855956
13.2393,14.212670403551895
13.2438,20.396078054371138
13.2487,14.0
13.258,16.278820596099706
13.2628,16.278820596099706
13.2722,16.55294535724685
13.2768,12.206555615733702
13.3544,20.248456731316587
13.362,22.47220505424423
13.3695,20.024984394500787
13.3788,19.235384061671343
13.3834,21.95449840010015
13.4428,23.021728866442675
13.4688,22.20360331117452
13.6073,28.844410203711913
13.7376,22.47220505424423
13.7827,21.095023109728988
13.7941,20.615528128088304
13.8068,17.804493814764857
13.8237,19.313207915827967
13.8718,18.24828759089466
14.0025,19.849433241279208
14.1529,22.847319317591726
14.1885,19.0
14.3154,24.839484696748443
14.4019,26.419689627245813
14.4485,23.021728866442675
14.4892,25.553864678361276
14.6149,19.6468827043885
14.7547,19.1049731745428
14.7878,14.560219778561036
14.8292,22.561028345356956
14.9611,24.839484696748443
15.1012,27.202941017470888
15.1125,27.586228448267445
15.1172,14.035668847618199
15.1236,28.0178514522438
15.136,26.419689627245813
15.1791,27.85677655436824
15.1834,20.12461179749811
15.1921,27.16615541441225
15.2022,24.186773244895647
15.22,13.341664064126334
15.2407,26.476404589747453
15.2454,18.973665961010276
15.2556,27.85677655436824
15.2669,24.73863375370596
15.2756,24.73863375370596
15.2884,25.317977802344327
15.2941,22.47220505424423
15.2993,19.849433241279208
15.3109,27.459060435491963
15.3195,23.853720883753127
15.3275,29.832867780352597
15.338,26.248809496813376
15.3498,37.33630940518894
15.3569,37.12142238654117
15.3644,27.313000567495326
15.3715,25.80697580112788
15.3824,19.313207915827967
15.3867,26.076809620810597
15.395,25.0
15.4033,26.476404589747453
15.4108,27.073972741361768
15.4645,33.015148038438355
15.5024,22.847319317591726
15.5067,16.55294535724685
15.5547,9.848857801796104
15.5594,7.0710678118654755
15.5637,7.0710678118654755
15.6367,19.4164878389476
15.6993,19.4164878389476
15.8104,13.341664064126334
15.8198,12.36931687685298
15.8346,17.204650534085253
15.8417,17.26267650163207
15.8616,22.80350850198276
15.887,22.825424421026653
15.9159,16.97056274847714
15.9207,21.93171219946131
16.0439,31.016124838541646
16.1714,29.966648127543394
16.2992,29.120439557122072
16.3768,30.528675044947494
16.4271,36.87817782917155
16.5604,38.948684188300895
16.6919,5.385164807134504
16.7319,17.26267650163207
16.8151,25.019992006393608
16.8478,22.135943621178654
16.8802,24.020824298928627
17.0057,17.08800749063506
17.0368,10.44030650891055
17.0619,8.94427190999916
17.090999999999998,5.0990195135927845
17.1291,18.973665961010276
17.2568,24.041630560342615
17.3898,26.30589287593181
17.5224,23.53720459187964
17.6589,17.029386365926403
17.7873,25.495097567963924
17.9171,19.235384061671343
17.942999999999994,19.6468827043885
18.072,17.26267650163207
18.1999,22.825424421026653
18.3274,12.529964086141668
18.3458,12.165525060596439
18.3765,19.1049731745428
18.4529,28.160255680657446
18.4829,25.179356624028344
18.6104,20.808652046684813
18.62,20.12461179749811
18.742,32.7566787083184
18.889,40.36087214122113
19.0214,33.61547262794322
19.0767,31.400636936215164
19.1569,30.23243291566195
19.2871,31.622776601683793
19.3192,24.08318915758459
19.4493,25.632011235952593
19.5804,27.80287754891569
19.6081,27.018512172212592
19.7306,24.20743687382041
19.7548,24.698178070456937
19.8777,13.601470508735444
19.9152,12.083045973594572
19.9433,11.40175425099138
20.0725,27.51363298439521
20.1979,31.622776601683793
20.3231,18.973665961010276
20.4522,17.26267650163207
20.5779,28.460498941515414
20.702,19.1049731745428
20.7352,22.20360331117452
20.7628,22.360679774997898
20.8873,27.018512172212592
20.9192,33.28663395418648
21.0426,26.832815729997478
21.1761,31.78049716414141
21.2082,22.825424421026653
21.3392,17.804493814764857
21.376,14.317821063276353
21.5315,38.8329756778952
21.5581,37.94733192202055
21.6798,33.83784863137726
21.8048,3.1622776601683795
21.8316,7.810249675906654
21.8699,11.704699910719626
21.9941,20.615528128088304
22.0357,20.518284528683193
22.0691,22.561028345356956
22.0971,18.973665961010276
22.1313,14.866068747318506
22.1655,30.083217912982647
22.2938,25.079872407968907
22.3375,19.4164878389476
22.3873,17.4928556845359
22.4703,32.01562118716424
22.5968,26.627053911388696
22.7314,31.89043743820395
22.8549,21.02379604162864
22.9993,25.298221281347036
23.0252,26.30589287593181
23.1628,12.041594578792296
23.191,21.840329667841555
23.2154,26.92582403567252
23.2421,25.079872407968907
23.2746,25.495097567963924
23.3022,21.213203435596427
23.4283,18.027756377319946
23.555,44.01136216933077
23.6872,37.12142238654117
23.8319,32.01562118716424
23.8374,33.06055050963308
23.8414,33.06055050963308
23.9951,34.52535300326414
24.0261,11.180339887498949
24.0597,5.0990195135927845
24.099,8.06225774829855
24.138,17.4928556845359
24.165,23.021728866442675
24.2902,18.384776310850235
24.332,17.029386365926403
24.4622,30.23243291566195
24.5891,30.0
24.7145,25.632011235952593
24.8371,18.24828759089466
24.9637,41.14608122288197
25.0922,32.0
25.2258,23.345235059857504
25.253,23.769728648009426
25.3779,16.64331697709324
25.407,13.341664064126334
25.4374,2.8284271247461903
25.4688,14.142135623730951
25.5976,8.94427190999916
25.6231,11.180339887498949
25.6487,19.1049731745428
25.6724,22.0
25.801,20.09975124224178
25.9263,30.479501308256342
25.955,29.068883707497267
26.0788,25.238858928247925
26.1093,28.160255680657446
26.2383,26.92582403567252
26.3642,27.294688127912362
26.3971,26.248809496813376
26.4262,24.73863375370596
26.4535,23.769728648009426
26.5802,18.867962264113206
26.7045,22.825424421026653
26.7373,24.839484696748443
26.769,25.0
26.8992,12.041594578792296
26.9103,12.206555615733702
27.0361,9.848857801796104
27.0444,7.615773105863909
27.0576,9.219544457292887
27.0622,9.219544457292887
27.0666,9.219544457292887
27.0803,12.165525060596439
27.0846,7.211102550927978
27.109,18.788294228055936
27.1243,17.11724276862369
27.1433,17.029386365926403
27.1553,18.867962264113206
27.1596,18.110770276274835
27.1696,17.11724276862369
27.1745,17.08800749063506
27.1834,12.041594578792296
27.1879,10.198039027185569
27.1947,12.529964086141668
27.2112,8.06225774829855
27.275,12.806248474865697
27.2795,14.212670403551895
27.2868,16.15549442140351
27.2917,10.198039027185569
27.334,20.615528128088304
27.3387,19.72308292331602
27.3428,21.02379604162864
27.3467,25.059928172283335
27.3731,27.459060435491963
27.3774,27.80287754891569
27.3814,28.844410203711913
27.3894,35.510561809129406
27.3976,37.107950630558946
27.4406,25.632011235952593
27.456,24.186773244895647
27.4674,38.27531841800928
27.4741,38.28837943815329
27.4811,41.048751503547585
27.5264,25.942243542145693
27.6666,29.0
27.7944,37.16180835212409
27.8273,25.942243542145693
27.8724,16.278820596099706
27.8814,12.165525060596439
27.8891,15.811388300841896
27.897,15.297058540778355
27.9655,20.223748416156685
27.9776,23.706539182259394
28.0969,18.384776310850235
28.1269,8.06225774829855
28.2643,17.029386365926403
28.3907,9.433981132056603
28.5299,26.248809496813376
28.5775,39.408120990476064
28.7357,35.34119409414458
28.7709,40.311288741492746
28.9233,31.89043743820395
28.9887,28.30194339616981
29.144,36.05551275463989
29.1752,43.382023926967726
29.3125,41.6293165929973
29.4366,39.293765408777
29.5724,44.553338819890925
29.6106,39.56008088970496
29.6407,41.400483088968905
29.6481,38.897300677553446
29.6561,39.84971769034255
29.6637,34.52535300326414
29.7508,32.57299494980466
29.889,40.80441152620633
30.1579,47.50789408087881
30.3219,46.238512086787566
30.3962,28.460498941515414
30.632,10.770329614269007
30.6391,13.45362404707371
30.6513,19.026297590440446
30.6561,13.601470508735444
30.6656,17.029386365926403
30.6757,13.601470508735444
30.6876,27.80287754891569
30.9219,14.317821063276353
30.9297,15.132745950421556
30.9572,13.601470508735444
30.989,21.02379604162864
31.1139,17.72004514666935
31.1427,18.867962264113206
31.2727,27.51363298439521
31.3986,21.213203435596427
31.4766,11.045361017187261
31.5284,9.0
31.559,8.48528137423857
31.6935,31.144823004794873
31.7384,24.73863375370596
31.7638,27.85677655436824
31.9007,33.1058907144937
32.0254,12.727922061357855
32.1754,22.360679774997898
32.1807,21.587033144922902
32.3215,39.824615503479755
32.461,25.553864678361276
32.4879,22.80350850198276
32.6307,10.63014581273465
32.8016,31.064449134018133
32.9406,39.6232255123179
33.0803,41.43669871020132
33.2206,24.413111231467404
33.3624,38.05259518088089
33.4127,34.40930106817051
33.5136,30.0
33.6539,29.832867780352597
33.8051,15.0
33.9428,25.298221281347036
33.9749,22.135943621178654
34.1,23.021728866442675
34.1768,26.832815729997478
34.1962,24.839484696748443
34.2066,30.23243291566195
34.2143,24.596747752497688
34.242,20.615528128088304
34.389,25.0
34.5177,26.0
34.6616,21.095023109728988
34.8013,29.068883707497267
34.9416,19.6468827043885
34.9739,17.029386365926403
35.1152,31.144823004794873
35.1201,29.068883707497267
35.2509,32.89376840679705
35.2615,33.015148038438355
35.2819,31.064449134018133
35.3074,34.0
35.4451,25.495097567963924
35.4765,28.0178514522438
35.4826,55.08175741568164
35.594,29.732137494637012
35.7399,35.11409973215888
35.8976,25.96150997149434
36.0374,35.38361202590826
36.1803,37.589892258425
36.2179,36.05551275463989
36.3625,43.41658669218482
36.5006,39.96248240537617
36.5266,37.48332962798263
36.6767,30.066592756745816
36.8203,46.51881339845203
36.8447,42.01190307520001
36.8875,41.048751503547585
36.9752,13.892443989449804
37.0383,38.63935817272331
37.1734,30.805843601498726
37.3158,34.17601498127012
37.4584,13.038404810405298
37.4886,14.866068747318506
37.6315,6.324555320336759
37.7771,9.848857801796104
37.8044,13.45362404707371
37.9443,32.89376840679705
37.9725,22.02271554554524
38.1183,14.212670403551895
38.2613,42.20189569201838
38.3991,5.0990195135927845
38.5409,29.832867780352597
38.5502,29.68164415931166
38.6852,26.1725046566048
38.826,26.68332812825267
38.9615,17.804493814764857
38.9922,23.706539182259394
39.0145,23.430749027719962
39.1554,20.591260281974
39.2997,17.0
39.441,29.732137494637012
39.584,29.154759474226502
39.7217,24.839484696748443
39.753,23.40939982143925
39.8937,16.278820596099706
40.0351,18.601075237738275
40.181,12.165525060596439
40.3269,18.027756377319946
40.3522,27.892651361962706
40.3754,29.546573405388315
40.5285,25.0
40.6872,21.18962010041709
40.7924,20.0
40.8137,18.439088914585774
40.9379,21.540659228538015
41.0615,31.89043743820395
41.1046,26.019223662515376
41.1135,28.460498941515414
41.1241,32.69556544854363
41.1335,32.7566787083184
41.2004,35.0
41.3588,32.64965543462902
41.5004,31.38470965295043
41.655,19.72308292331602
41.7973,24.0
41.9405,20.615528128088304
42.0824,11.40175425099138
42.2359,13.341664064126334
42.3893,4.123105625617661
42.4851,30.4138126514911
42.4896,28.635642126552707
42.5354,33.83784863137726
42.6787,18.788294228055936
42.8196,19.235384061671343
42.9605,22.20360331117452
43.1002,19.1049731745428
43.2415,3.1622776601683795
43.3842,12.041594578792296
43.5415,12.083045973594572
43.6834,25.495097567963924
43.832,19.849433241279208
43.9809,14.035668847618199
44.1256,22.135943621178654
44.264,30.805843601498726
44.4032,19.6468827043885
44.4317,16.64331697709324
44.57899999999999,26.90724809414742
44.7195,27.459060435491963
44.8593,24.186773244895647
44.8872,20.808652046684813
45.0231,18.439088914585774
45.1632,25.495097567963924
45.2566,25.317977802344327
45.2613,23.323807579381203
45.2694,23.430749027719962
45.2771,24.698178070456937
45.2886,25.495097567963924
45.2936,25.612496949731394
45.3095,26.92582403567252
45.3194,24.041630560342615
45.3295,20.8806130178211
45.341,18.384776310850235
45.3513,19.1049731745428
45.3625,23.600847442411894
45.3717,15.524174696260024
45.3906,24.186773244895647
45.4018,24.20743687382041
45.4121,23.08679276123039
45.4226,24.041630560342615
45.4329,22.825424421026653
45.4383,22.80350850198276
45.4538,19.849433241279208
45.4652,21.37755832643195
45.4734,22.80350850198276
45.4842,21.95449840010015
45.5613,20.615528128088304
45.5829,21.2602916254693
45.7156,18.027756377319946
45.8629,19.849433241279208
45.8875,26.476404589747453
46.0306,28.42534080710379
46.1661,44.721359549995796
46.2568,39.0
46.2918,40.792156108742276
46.4296,33.301651610693426
46.5563,28.635642126552707
46.6821,29.154759474226502
46.8206,36.68787265568828
46.96100000000001,30.59411708155671
46.9894,24.413111231467404
47.1325,32.55764119219941
47.2779,34.0
47.4204,24.758836806279895
47.5592,21.02379604162864
47.7101,30.265491900843113
47.7373,32.01562118716424
47.8831,34.48187929913333
48.0205,25.495097567963924
48.174,25.179356624028344
48.257,23.08679276123039
48.3185,27.018512172212592
48.4621,47.265209192385896
48.6023,17.69180601295413
48.6325,19.4164878389476
48.7821,25.079872407968907
48.9084,34.48187929913333
49.0371,29.410882339705484
49.1782,36.40054944640259
49.3238,33.421549934136806
49.4747,30.0
49.6189,25.317977802344327
49.7612,21.470910553583888
49.904,17.204650534085253
49.9303,18.384776310850235
50.0731,15.811388300841896
50.2177,14.560219778561036
50.3607,31.76476034853718
50.5019,27.892651361962706
50.6449,25.298221281347036
50.782,35.05709628591621
50.9233,26.40075756488817
51.0622,31.32091952673165
51.2009,22.47220505424423
51.2272,25.079872407968907
51.3672,6.4031242374328485
51.3927,8.06225774829855
51.5146,6.4031242374328485
51.6477,24.73863375370596
51.7923,21.213203435596427
51.8488,20.0
52.0,15.556349186104045
52.0254,15.811388300841896
52.0565,13.038404810405298
52.2018,16.278820596099706
52.2665,15.297058540778355
52.3545,20.615528128088304
52.5026,43.32435804486894
52.6412,11.661903789690601
52.7832,29.274562336608895
52.9414,29.427877939124322
53.0951,31.064449134018133
53.2214,26.476404589747453
53.2491,19.209372712298546
53.2783,27.294688127912362
53.4211,38.47076812334269
53.4487,28.844410203711913
53.5876,36.76955262170047
53.7398,21.37755832643195
53.8799,29.410882339705484
53.9144,37.33630940518894
54.0646,6.324555320336759
54.2021,32.802438933713454
54.3467,26.68332812825267
54.4851,24.041630560342615
54.6203,10.0
54.6451,15.132745950421556
54.7875,25.0
54.9244,25.0
55.0654,11.40175425099138
55.0915,14.317821063276353
55.2358,24.041630560342615
55.379,23.08679276123039
55.5216,23.021728866442675
55.6602,29.832867780352597
55.8022,22.20360331117452
55.9584,19.697715603592208
56.1008,24.020824298928627
56.2441,28.460498941515414
56.3671,11.180339887498949
56.5128,13.0
56.5448,11.045361017187261
56.6922,16.97056274847714
56.838,9.219544457292887
56.9793,26.627053911388696
57.1191,23.430749027719962
57.2697,18.973665961010276
57.3076,26.832815729997478
57.445,24.20743687382041
57.4707,20.615528128088304
57.6171,22.02271554554524
57.7684,20.8806130178211
57.7934,18.384776310850235
57.8008,18.384776310850235
57.8094,18.110770276274835
57.8185,22.47220505424423
57.8987,38.58756276314948
58.0408,37.05401462729781
58.169,29.832867780352597
58.3124,29.274562336608895
58.3525,24.166091947189145
58.5004,32.7566787083184
58.6405,29.966648127543394
58.7853,31.89043743820395
58.9236,33.015148038438355
59.0627,17.26267650163207
59.2009,23.706539182259394
59.2268,14.317821063276353
59.3657,8.48528137423857
59.5226,29.068883707497267
59.6597,31.04834939252005
59.6836,37.69615364994153
59.8252,34.20526275297414
59.9632,34.058772731852805
60.1012,27.80287754891569
60.2415,13.92838827718412
60.2765,14.7648230602334
60.3828,32.01562118716424
60.5245,7.0710678118654755
60.5535,9.055385138137417
60.6975,13.0
60.8385,3.1622776601683795
60.9801,20.591260281974
61.1106,30.805843601498726
61.2544,13.892443989449804
61.28,13.0
61.4207,11.40175425099138
61.5623,20.8806130178211
61.7018,23.769728648009426
61.8417,20.223748416156685
61.9814,12.0
62.1194,29.0
62.2619,26.248809496813376
62.4042,20.248456731316587
62.5413,5.385164807134504
62.6921,25.238858928247925
62.8361,20.0
62.9795,7.810249675906654
63.1229,10.0
63.2576,19.4164878389476
63.286,13.416407864998739
63.4221,13.038404810405298
63.5682,14.317821063276353
63.707,15.652475842498529
63.8436,16.492422502470642
63.8685,18.601075237738275
63.9957,20.024984394500787
64.1449,12.36931687685298
64.1788,16.55294535724685
64.1864,16.278820596099706
64.2018,18.110770276274835
64.277,13.601470508735444
64.3201,12.206555615733702
64.4611,5.830951894845301
64.4862,10.770329614269007
64.6238,26.076809620810597
64.7606,23.021728866442675
64.90100000000001,27.459060435491963
65.0446,24.698178070456937
65.157,29.0
65.1813,29.120439557122072
65.3334,36.235341863986875
65.4788,18.601075237738275
65.6262,23.345235059857504
65.7786,18.027756377319946
65.9373,18.681541692269406
66.0783,23.853720883753127
66.2275,32.69556544854363
66.3527,29.732137494637012
66.4938,34.40930106817051
66.6351,37.53664875824692
66.7768,26.476404589747453
66.8981,5.656854249492381
67.035,11.313708498984761
67.0601,17.26267650163207
67.082,26.92582403567252
67.1561,38.91015291668744
67.2034,32.01562118716424
67.3409,31.304951684997057
67.4835,12.165525060596439
67.5068,8.06225774829855
67.6438,22.47220505424423
67.7343,31.32091952673165
67.7401,26.68332812825267
67.7807,27.018512172212592
67.9221,20.223748416156685
68.0623,39.319206502675
68.2008,30.0
68.3414,10.63014581273465
68.4833,1.0
68.6238,9.219544457292887
68.7722,11.180339887498949
68.9232,9.433981132056603
69.0669,28.284271247461902
69.2037,14.866068747318506
69.3432,9.055385138137417
69.4914,13.416407864998739
69.6282,11.180339887498949
69.7759,9.055385138137417
69.9114,20.518284528683193
69.9415,28.160255680657446
69.9693,26.076809620810597
70.0035,44.598206241955516
70.0234,46.010868281309364
70.0376,39.21734310225516
70.0468,25.632011235952593
70.0976,27.586228448267445
70.1043,17.72004514666935
70.111,28.42534080710379
70.1155,29.5296461204668
70.1246,28.442925306655784
70.195,30.4138126514911
70.2035,26.832815729997478
70.2107,26.90724809414742
70.2175,25.632011235952593
70.2407,16.0312195418814
70.2647,35.0
70.2717,23.769728648009426
70.2815,31.064449134018133
70.2894,37.8549864614954
70.3669,41.182520563948
70.3949,36.87817782917155
70.407,43.266615305567875
70.414,47.20169488482379
70.42399999999998,40.607881008493905
70.4329,37.20215047547655
70.5179,25.495097567963924
70.6484,35.90264614203248
70.7704,26.0
70.7923,23.769728648009426
70.8963,37.013511046643494
71.0598,35.11409973215888
71.1661,31.78049716414141
71.1818,32.64965543462902
71.3177,37.12142238654117
71.3277,38.58756276314948
71.3353,34.23448553724738
71.3445,39.20459156782532
71.3548,35.73513677041127
71.461,40.26164427839479
71.6013,41.23105625617661
71.7629,29.427877939124322
71.89699999999998,31.144823004794873
72.0262,32.7566787083184
72.1697,33.28663395418648
72.2934,35.510561809129406
72.4294,12.041594578792296
72.5596,22.80350850198276
72.5643,22.135943621178654
72.5727,22.02271554554524
72.5845,17.0
72.5953,27.16615541441225
72.6886,36.359317925395686
72.8185,43.93176527297759
72.9504,38.948684188300895
73.077,38.27531841800928
73.2001,37.73592452822641
73.2389,22.67156809750927
73.2738,20.248456731316587
73.2933,20.615528128088304
73.3115,13.601470508735444
73.325,6.082762530298219
73.4047,17.029386365926403
73.5587,17.69180601295413
73.7002,29.546573405388315
73.8479,35.11409973215888
73.8746,26.248809496813376
74.0198,35.014282800023196
74.1639,30.01666203960727
74.3034,19.924858845171276
74.4421,25.553864678361276
74.5072,31.304951684997057
74.512,34.23448553724738
74.5826,27.018512172212592
74.6088,22.135943621178654
74.6175,27.459060435491963
74.6306,25.298221281347036
74.6425,39.84971769034255
74.7197,45.31004303683677
74.8643,46.51881339845203
75.0068,18.24828759089466
75.1613,38.63935817272331
75.1891,35.510561809129406
75.2195,37.589892258425
75.2365,38.01315561749642
75.3291,30.066592756745816
75.3333,25.019992006393608
75.344,36.796738985948195
75.3484,23.600847442411894
75.3584,40.0
75.3656,28.319604517012593
75.3774,39.44616584663204
75.3821,38.48376280978771
75.3973,37.0
75.4044,42.44997055358225
75.4134,35.014282800023196
75.4218,42.720018726587654
75.4292,39.59797974644666
75.5807,32.449961479175904
75.5854,22.02271554554524
75.5895,22.02271554554524
75.5945,34.713109915419565
75.6029,20.248456731316587
75.6134,33.13608305156178
75.6216,32.57299494980466
75.6322,38.8329756778952
75.6365,37.57658845611187
75.6455,36.05551275463989
75.6551,36.24913792078372
75.6654,36.359317925395686
75.6764,35.22782990761707
75.6811,25.079872407968907
75.7893,31.064449134018133
75.8044,21.633307652783937
75.8123,29.546573405388315
75.8207,18.439088914585774
75.8997,22.02271554554524
76.0195,29.0
76.0239,31.78049716414141
76.0624,21.633307652783937
76.1188,26.832815729997478
76.2532,33.13608305156178
76.2998,8.246211251235321
76.3497,25.942243542145693
76.5832,31.0
76.5876,31.0
76.6807,26.248809496813376
77.0776,13.601470508735444
77.236,28.792360097775937
77.2949,27.16615541441225
77.3302,16.278820596099706
77.4203,18.384776310850235
77.5108,15.297058540778355
77.5787,19.72308292331602
77.5891,19.72308292331602
77.6001,21.93171219946131
77.6124,24.166091947189145
77.6385,19.6468827043885
77.6436,20.591260281974
77.7772,20.808652046684813
77.8116,18.439088914585774
77.9578,24.0
78.1022,15.132745950421556
78.2432,37.12142238654117
78.3822,20.808652046684813
78.4282,25.019992006393608
78.4662,25.942243542145693
78.5206,21.2602916254693
78.5519,28.178005607210743
78.5822,17.0
78.6078,29.698484809834994
78.6771,28.792360097775937
78.6873,20.518284528683193
78.6976,29.732137494637012
78.7055,30.14962686336267
78.7449,27.018512172212592
78.8833,28.42534080710379
79.0232,34.9857113690718
79.1529,36.013886210738214
79.2063,35.11409973215888
79.3099,38.01315561749642
79.4546,24.08318915758459
79.5977,36.359317925395686
79.7297,32.64965543462902
79.8824,27.586228448267445
80.0222,35.90264614203248
80.158,36.71511950137164
80.3029,18.027756377319946
80.4425,24.20743687382041
80.4682,22.80350850198276
80.6154,30.083217912982647
80.7559,17.72004514666935
80.8848,5.385164807134504
81.0118,35.805027579936315
81.1709,10.0
81.303,24.515301344262525
81.3296,25.553864678361276
81.4713,25.80697580112788
81.518,17.4928556845359
81.6414,23.259406699226016
81.6752,22.47220505424423
81.8198,25.80697580112788
81.9588,32.449961479175904
82.1211,25.80697580112788
82.2605,28.42534080710379
82.40100000000002,23.194827009486403
82.4767,13.416407864998739
82.544,19.209372712298546
82.6842,25.45584412271571
82.8229,18.0
82.8551,15.620499351813308
82.9968,14.866068747318506
83.139,20.615528128088304
83.2792,22.47220505424423
83.4191,14.866068747318506
83.5613,20.248456731316587
83.7037,24.186773244895647
83.8431,28.861739379323623
83.9807,20.808652046684813
84.1198,31.906112267087632
84.2587,29.832867780352597
84.4037,23.769728648009426
84.545,41.10960958218893
84.6893,35.73513677041127
84.7412,44.598206241955516
84.9069,31.400636936215164
85.0505,27.294688127912362
85.1789,14.422205101855956
85.3198,20.12461179749811
85.4625,33.24154027718932
85.6034,26.476404589747453
85.7409,19.313207915827967
85.8805,10.63014581273465
86.0337,11.180339887498949
86.1761,12.649110640673518
86.2012,12.041594578792296
86.234,11.0
86.2673,4.123105625617661
86.4031,24.331050121192877
86.5399,45.803929962395145
86.6974,44.82186966202994
86.8374,41.23105625617661
86.84200000000001,41.23105625617661
86.8506,42.44997055358225
86.8629,40.496913462633174
86.8745,26.419689627245813
86.96700000000001,30.886890422961002
86.9932,32.2490309931942
87.1234,30.083217912982647
87.2181,10.63014581273465
87.2527,28.861739379323623
87.3983,30.675723300355934
87.5295,28.071337695236398
87.5679,19.026297590440446
87.70100000000002,27.730849247724095
87.8403,28.653097563788805
87.9899,28.635642126552707
88.0481,34.20526275297414
88.1326,30.0
88.275,31.016124838541646
88.4204,33.015148038438355
88.56299999999997,24.698178070456937
88.7025,33.95585369269929
88.8368,39.35733730830886
88.9792,30.4138126514911
89.00399999999998,31.953090617340916
89.1447,33.12099032335839
89.2975,36.359317925395686
89.4383,33.13608305156178
89.5809,20.223748416156685
89.7265,32.0
89.8665,28.071337695236398
89.8898,28.460498941515414
90.0368,29.068883707497267
90.1817,27.459060435491963
90.323,26.627053911388696
90.4623,29.154759474226502
90.4901,24.698178070456937
90.4957,22.360679774997898
90.6401,31.016124838541646
90.7796,34.20526275297414
91.311,36.89173349139343
92.0456,14.142135623730951
92.407,10.63014581273465
92.5529,8.06225774829855
92.7036,17.08800749063506
92.8408,15.556349186104045
92.989,22.561028345356956
93.1371,21.02379604162864
93.2767,20.248456731316587
93.4175,13.92838827718412
93.5594,17.0
93.6989,13.152946437965905
93.8403,7.810249675906654
93.9811,4.47213595499958
94.0059,3.605551275463989
94.0403,9.219544457292887
94.1819,5.385164807134504
94.3215,1.0
94.4588,34.9857113690718
94.4859,43.18564576337837
94.6326,37.44329045369811
94.6594,40.311288741492746
94.7998,23.323807579381203
94.8225,22.360679774997898
94.8461,22.80350850198276
94.8729,26.92582403567252
95.0006,26.248809496813376
95.14,34.058772731852805
95.2364,13.601470508735444
95.2791,32.31098884280702
95.4213,24.758836806279895
95.561,29.410882339705484
95.7013,34.058772731852805
95.8399,12.806248474865697
95.9827,28.160255680657446
96.1219,20.808652046684813
96.2599,19.209372712298546
96.4007,13.038404810405298
96.5442,19.235384061671343
96.6846,10.770329614269007
96.7096,7.615773105863909
96.8537,13.038404810405298
97.0,10.44030650891055
97.1388,13.0
97.2793,19.026297590440446
97.42,22.360679774997898
97.56,20.12461179749811
97.6841,15.132745950421556
97.8344,19.697715603592208
97.9802,23.769728648009426
98.1197,22.847319317591726
98.251,27.730849247724095
98.4,24.839484696748443
98.5603,27.459060435491963
98.5845,29.410882339705484
98.7394,37.21558813185679
98.8843,40.01249804748511
99.0096,25.942243542145693
99.1514,27.202941017470888
99.1954,36.71511950137164
99.2351,39.20459156782532
99.3763,33.24154027718932
99.5205,20.591260281974
99.6601,21.02379604162864
99.8024,18.439088914585774
99.941,23.600847442411894
100.082,22.67156809750927
100.221,21.02379604162864
100.361,21.540659228538015
100.501,23.194827009486403
100.643,17.029386365926403
100.783,20.615528128088304
100.859,19.4164878389476
100.924,19.1049731745428
101.062,18.788294228055936
101.202,9.0
101.341,13.92838827718412
101.494,21.213203435596427
101.638,23.323807579381203
101.78,23.769728648009426
101.921,25.079872407968907
102.062,25.0
102.203,26.92582403567252
102.34,31.25699921617557
102.502,31.240998703626616
102.641,30.610455730027933
102.782,28.319604517012593
102.817,26.832815729997478
102.962,29.732137494637012
103.102,23.53720459187964
103.24,34.828149534535996
103.337,27.730849247724095
103.348,28.284271247461902
103.357,31.144823004794873
103.368,26.92582403567252
103.374,21.095023109728988
103.518,30.01666203960727
103.661,25.079872407968907
103.8,34.20526275297414
103.83,29.832867780352597
103.849,20.615528128088304
103.854,30.59411708155671
103.973,24.413111231467404
104.118,22.135943621178654
104.265,14.212670403551895
104.296,23.706539182259394
104.324,23.345235059857504
104.348,25.079872407968907
104.49,27.073972741361768
104.632,24.596747752497688
104.778,22.20360331117452
104.919,16.492422502470642
105.078,12.806248474865697
105.105,20.8806130178211
105.252,17.0
105.277,27.85677655436824
105.282,17.88854381999832
105.296,28.460498941515414
105.304,23.08679276123039
105.315,28.178005607210743
105.33,22.847319317591726
105.339,26.832815729997478
105.352,21.095023109728988
105.38,14.7648230602334
105.397,21.633307652783937
105.402,14.142135623730951
105.414,15.297058540778355
105.422,24.08318915758459
105.43,15.0
105.435,15.297058540778355
105.453,21.93171219946131
105.464,20.808652046684813
105.472,20.248456731316587
105.48,21.37755832643195
105.491,22.627416997969522
105.499,22.47220505424423
105.507,22.47220505424423
105.515,22.02271554554524
105.579,22.847319317591726
105.719,21.400934559032695
105.859,20.591260281974
106.001,21.587033144922902
106.14,11.313708498984761
106.166,11.704699910719626
106.276,18.0
106.318,17.72004514666935
106.461,12.041594578792296
106.484,21.0
106.623,31.25699921617557
106.761,30.23243291566195
106.822,27.16615541441225
106.918,21.18962010041709
106.961,22.561028345356956
107.1,20.248456731316587
107.239,20.09975124224178
107.38,21.18962010041709
107.521,17.0
107.547,16.0312195418814
107.682,17.46424919657298
107.707,17.26267650163207
107.852,13.601470508735444
108.002,18.788294228055936
108.143,16.97056274847714
108.17,18.601075237738275
108.202,19.209372712298546
108.229,18.027756377319946
108.276,19.849433241279208
108.37,18.24828759089466
108.413,18.24828759089466
108.565,17.0
108.713,18.027756377319946
108.844,14.142135623730951
108.88,15.652475842498529
108.903,15.811388300841896
108.913,11.704699910719626
108.924,19.235384061671343
108.937,19.235384061671343
109.021,34.785054261852174
109.039,34.17601498127012
109.059,24.041630560342615
109.063,24.041630560342615
109.091,34.539832078341085
109.1,20.8806130178211
109.213,26.92582403567252
109.218,25.079872407968907
109.223,26.1725046566048
109.243,27.294688127912362
109.255,24.596747752497688
109.26,26.076809620810597
109.267,26.92582403567252
109.308,25.942243542145693
109.319,27.073972741361768
109.326,27.51363298439521
109.333,21.02379604162864
109.348,26.248809496813376
109.378,25.495097567963924
109.51,16.0312195418814
109.54,15.264337522473747
109.604,22.80350850198276
109.64,27.16615541441225
109.669,31.89043743820395
109.792,22.360679774997898
109.802,24.020824298928627
109.807,14.866068747318506
109.821,24.041630560342615
109.83,24.041630560342615
109.844,24.041630560342615
109.977,25.495097567963924
110.105,24.351591323771842
110.236,22.20360331117452
110.376,24.041630560342615
110.403,23.769728648009426
110.544,23.259406699226016
110.575,22.627416997969522
110.61,20.518284528683193
110.756,25.0
110.798,24.758836806279895
110.939,19.313207915827967
111.068,24.0
111.122,23.600847442411894
111.132,27.459060435491963
111.157,23.53720459187964
111.166,22.80350850198276
111.195,24.041630560342615
111.327,26.019223662515376
111.332,19.4164878389476
111.345,23.323807579381203
111.356,23.769728648009426
111.364,20.248456731316587
111.464,20.223748416156685
111.494,19.924858845171276
111.621,21.470910553583888
111.649,21.095023109728988
111.698,23.53720459187964
111.707,26.076809620810597
111.715,24.08318915758459
111.723,25.96150997149434
111.786,29.274562336608895
111.915,27.784887978899608
111.941,26.019223662515376
112.073,26.1725046566048
112.208,14.422205101855956
112.286,28.30194339616981
112.349,24.758836806279895
112.408,23.323807579381203
112.419,25.0
112.43,21.2602916254693
112.438,22.80350850198276
112.495,23.53720459187964
112.636,24.331050121192877
112.661,19.1049731745428
112.802,28.635642126552707
112.941,25.709920264364882
113.081,29.832867780352597
113.227,26.570660511172846
113.369,15.231546211727817
113.505,21.400934559032695
113.531,25.632011235952593
113.675,29.410882339705484
113.803,25.45584412271571
113.957,15.811388300841896
114.103,23.323807579381203
114.139,20.024984394500787
114.28,21.213203435596427
114.42,20.591260281974
114.563,24.08318915758459
114.702,24.186773244895647
114.729,20.248456731316587
114.865,22.80350850198276
115.004,24.186773244895647
115.141,22.47220505424423
115.268,17.11724276862369
115.303,25.495097567963924
115.321,24.698178070456937
115.332,17.72004514666935
115.341,19.235384061671343
115.351,25.709920264364882
115.459,23.0
115.466,24.758836806279895
115.488,25.079872407968907
115.5,28.071337695236398
115.505,25.553864678361276
115.517,27.459060435491963
115.529,26.68332812825267
115.554,27.586228448267445
115.56,29.0
115.57,26.68332812825267
115.577,30.0
115.607,25.238858928247925
115.647,28.231188426986208
115.682,26.40075756488817
115.816,28.792360097775937
115.94,25.317977802344327
115.997,26.570660511172846
116.018,28.600699292150182
116.027,26.076809620810597
116.041,25.632011235952593
116.082,25.298221281347036
116.136,24.08318915758459
116.281,21.37755832643195
116.417,24.351591323771842
116.441,24.698178070456937
116.568,26.1725046566048
116.604,24.041630560342615
116.744,22.627416997969522
116.878,16.401219466856727
116.912,22.090722034374522
116.958,22.090722034374522
116.99,19.924858845171276
117.114,22.47220505424423
117.255,20.591260281974
117.379,22.20360331117452
117.416,25.019992006393608
117.542,22.561028345356956
117.571,24.08318915758459
117.578,23.53720459187964
117.586,25.942243542145693
117.593,17.0
117.598,23.021728866442675
117.605,29.017236257093817
117.622,29.154759474226502
117.67,26.832815729997478
117.795,26.1725046566048
117.819,25.079872407968907
117.942,22.627416997969522
118.066,27.202941017470888
118.191,24.596747752497688
118.283,28.653097563788805
118.291,27.202941017470888
118.3,26.92582403567252
118.315,28.0178514522438
118.319,28.231188426986208
118.474,29.274562336608895
118.502,24.08318915758459
118.641,29.410882339705484
118.779,23.706539182259394
118.939,23.0
119.014,20.518284528683193
119.027,21.02379604162864
119.037,22.80350850198276
119.049,20.518284528683193
119.068,17.11724276862369
119.079,16.0312195418814
119.083,16.401219466856727
119.092,17.029386365926403
119.103,22.0
119.221,21.095023109728988
119.361,23.345235059857504
119.502,21.2602916254693
119.528,25.80697580112788
119.675,27.202941017470888
119.82,24.166091947189145
119.959,17.204650534085253
120.099,21.0
120.243,23.345235059857504
120.317,23.345235059857504
120.382,19.313207915827967
120.521,25.709920264364882
120.659,25.96150997149434
120.69,24.020824298928627
120.838,23.40939982143925
120.98,15.231546211727817
121.121,30.610455730027933
121.27,20.248456731316587
121.419,22.561028345356956
121.562,24.20743687382041
121.7,29.732137494637012
121.731,24.166091947189145
121.871,25.079872407968907
122.009,28.0178514522438
122.163,26.870057685088806
122.307,21.93171219946131
122.435,27.073972741361768
122.596,25.019992006393608
122.73,18.439088914585774
122.879,27.294688127912362
123.021,27.51363298439521
123.161,24.166091947189145
123.3,28.0
123.438,26.0
123.579,28.0
123.72,27.018512172212592
123.86,28.861739379323623
123.999,30.4138126514911
124.14,31.400636936215164
124.233,25.45584412271571
124.237,36.49657518178932
124.25,38.01315561749642
124.26,25.495097567963924
124.27,38.27531841800928
124.281,25.0
124.42,22.47220505424423
124.561,26.832815729997478
124.586,27.80287754891569
124.73,33.06055050963308
124.878,29.427877939124322
124.902,30.610455730027933
125.042,32.55764119219941
125.182,27.586228448267445
125.226,25.079872407968907
125.322,27.65863337187866
125.462,22.47220505424423
125.601,33.37663853655727
125.625,19.849433241279208
125.65,28.653097563788805
125.787,17.08800749063506
125.929,26.90724809414742
125.981,29.068883707497267
126.012,29.732137494637012
126.157,32.0624390837628
126.3,27.018512172212592
126.442,24.515301344262525
126.583,27.459060435491963
126.721,17.08800749063506
126.862,25.179356624028344
127.001,32.7566787083184
127.138,25.317977802344327
127.227,16.76305461424021
127.28,28.653097563788805
127.42,29.154759474226502
127.561,23.345235059857504
127.708,22.0
127.841,23.853720883753127
127.981,26.92582403567252
128.127,24.839484696748443
128.269,29.966648127543394
128.299,29.068883707497267
128.437,22.825424421026653
128.562,17.46424919657298
128.592,13.601470508735444
128.736,27.586228448267445
128.769,24.020824298928627
128.911,30.463092423455635
129.05700000000002,32.0624390837628
129.086,28.0
129.264,35.11409973215888
129.289,30.528675044947494
129.441,26.019223662515376
129.584,25.942243542145693
129.72899999999998,28.442925306655784
129.784,25.495097567963924
129.792,27.294688127912362
129.8,25.80697580112788
129.808,27.018512172212592
129.872,25.612496949731394
129.9,28.284271247461902
129.911,28.0178514522438
129.92600000000002,24.839484696748443
129.939,26.019223662515376
130.031,29.120439557122072
130.061,26.92582403567252
130.07,20.0
130.075,29.68164415931166
130.083,29.966648127543394
130.088,19.209372712298546
130.095,25.553864678361276
130.099,26.0
130.11,27.16615541441225
130.115,27.459060435491963
130.125,29.832867780352597
130.132,19.0
130.154,28.42534080710379
130.158,28.178005607210743
130.166,25.059928172283335
130.171,25.632011235952593
130.18200000000002,27.459060435491963
130.19299999999998,24.0
130.314,21.95449840010015
130.44,18.601075237738275
130.567,15.620499351813308
130.611,10.63014581273465
130.62,9.899494936611665
130.634,9.899494936611665
130.644,12.165525060596439
130.655,17.69180601295413
130.74200000000002,20.223748416156685
130.756,22.02271554554524
130.872,14.212670403551895
131.013,9.219544457292887
131.15200000000002,10.04987562112089
131.236,14.035668847618199
131.284,13.038404810405298
131.315,11.045361017187261
131.44799999999998,14.035668847618199
131.472,8.48528137423857
131.514,16.1245154965971
131.658,15.0
131.785,17.46424919657298
131.79,13.892443989449804
131.797,16.278820596099706
131.809,10.198039027185569
131.821,15.811388300841896
131.915,13.892443989449804
132.039,13.038404810405298
132.065,15.132745950421556
132.19,14.317821063276353
132.225,17.08800749063506
132.363,19.235384061671343
132.488,18.027756377319946
132.512,17.029386365926403
132.524,16.76305461424021
132.534,17.0
132.545,13.416407864998739
132.638,16.0
132.778,12.727922061357855
132.922,12.041594578792296
133.061,20.8806130178211
133.09,17.029386365926403
133.11700000000002,17.11724276862369
133.259,16.15549442140351
133.406,19.235384061671343
133.542,18.973665961010276
133.68,20.615528128088304
133.714,19.1049731745428
133.858,20.0
133.885,19.697715603592208
134.019,23.345235059857504
134.142,21.93171219946131
134.14700000000002,22.80350850198276
134.425,21.02379604162864
134.451,18.973665961010276
134.596,22.47220505424423
134.741,21.213203435596427
134.891,27.073972741361768
135.037,22.80350850198276
135.184,23.021728866442675
135.211,26.0
135.35,26.076809620810597
135.363,24.73863375370596
135.369,24.698178070456937
135.377,26.476404589747453
135.386,26.019223662515376
135.395,15.811388300841896
135.404,24.413111231467404
135.412,17.4928556845359
135.421,28.42534080710379
135.43,25.495097567963924
135.439,15.811388300841896
135.452,25.0
135.468,26.019223662515376
135.476,24.041630560342615
135.48,22.80350850198276
135.485,15.811388300841896
135.498,21.840329667841555
135.505,20.12461179749811
135.515,13.892443989449804
135.523,20.248456731316587
135.534,20.615528128088304
135.54399999999998,19.0
135.56,19.0
135.571,17.029386365926403
135.576,15.264337522473747
135.627,25.298221281347036
135.701,23.259406699226016
135.77200000000002,17.69180601295413
135.93200000000002,25.612496949731394
136.08,10.04987562112089
136.10299999999998,23.259406699226016
136.221,19.924858845171276
136.361,11.40175425099138
136.499,19.72308292331602
136.566,23.021728866442675
136.64600000000002,17.69180601295413
136.791,24.08318915758459
136.838,24.041630560342615
136.918,16.401219466856727
136.991,23.706539182259394
137.03799999999998,26.92582403567252
137.18,17.4928556845359
137.221,20.518284528683193
137.321,17.4928556845359
137.46,25.019992006393608
137.599,24.515301344262525
137.622,23.259406699226016
137.749,22.20360331117452
137.892,27.16615541441225
138.03799999999998,26.019223662515376
138.179,22.80350850198276
138.32,27.892651361962706
138.459,30.675723300355934
138.537,28.160255680657446
138.564,22.67156809750927
138.569,21.213203435596427
138.57399999999998,17.26267650163207
138.599,23.08679276123039
138.725,18.24828759089466
138.752,19.1049731745428
138.877,31.38470965295043
139.018,37.48332962798263
139.159,44.384682042344295
139.256,36.68787265568828
139.315,34.92849839314596
139.46,34.20526275297414
139.625,40.311288741492746
139.78,44.94441010848846
139.92,37.33630940518894
140.047,30.14962686336267
140.077,34.132096331752024
140.22,30.23243291566195
140.36,23.08679276123039
140.501,35.11409973215888
140.643,34.92849839314596
140.667,38.63935817272331
140.808,37.69615364994153
140.954,21.2602916254693
140.987,22.20360331117452
141.13299999999995,25.317977802344327
141.278,42.80186911806539
141.436,29.614185789921695
141.578,19.849433241279208
141.65,28.178005607210743
141.72,11.704699910719626
141.749,17.69180601295413
141.86,41.048751503547585
141.988,31.89043743820395
142.131,12.206555615733702
142.281,27.073972741361768
142.304,28.284271247461902
142.444,31.016124838541646
142.576,16.278820596099706
142.594,22.090722034374522
142.738,19.1049731745428
142.885,17.08800749063506
143.02200000000005,17.26267650163207
143.15200000000004,14.317821063276353
143.293,24.041630560342615
143.435,34.66987164671943
143.576,20.615528128088304
143.721,30.083217912982647
143.747,32.55764119219941
143.882,31.016124838541646
144.006,17.804493814764857
144.142,33.24154027718932
144.295,23.853720883753127
144.435,21.0
144.577,32.38826948140329
144.73,20.615528128088304
144.873,23.021728866442675
144.899,20.0
145.039,26.832815729997478
145.191,26.40075756488817
145.33,30.805843601498726
145.455,18.110770276274835
145.6,35.17101079013795
145.753,36.235341863986875
145.9,40.607881008493905
145.937,28.30194339616981
146.079,28.071337695236398
146.218,12.36931687685298
146.363,14.317821063276353
146.5,35.22782990761707
146.641,29.427877939124322
146.781,7.615773105863909
146.921,19.1049731745428
146.94799999999995,13.038404810405298
146.976,5.0
147.118,25.495097567963924
147.262,20.518284528683193
147.4,30.610455730027933
147.541,42.01190307520001
147.567,36.359317925395686
147.705,25.238858928247925
147.843,29.5296461204668
147.984,42.01190307520001
148.01,32.57299494980466
148.10299999999995,21.540659228538015
148.115,25.632011235952593
148.135,22.561028345356956
148.144,33.54101966249684
148.151,31.25699921617557
148.161,32.01562118716424
148.167,29.966648127543394
148.29399999999995,25.495097567963924
148.355,23.853720883753127
148.36700000000005,19.235384061671343
148.378,20.223748416156685
148.386,17.08800749063506
148.408,12.806248474865697
148.441,4.47213595499958
148.585,15.033296378372908
148.72299999999996,12.165525060596439
148.75,30.083217912982647
148.785,18.681541692269406
148.923,10.63014581273465
149.061,9.486832980505138
149.156,3.605551275463989
149.201,17.11724276862369
149.366,6.082762530298219
149.406,7.211102550927978
149.518,10.63014581273465
149.612,34.058772731852805
149.623,25.317977802344327
149.632,29.427877939124322
149.64,27.459060435491963
149.66,31.78049716414141
149.686,35.84689665786984
149.821,10.295630140987
149.965,14.7648230602334
150.111,7.0710678118654755
150.255,22.20360331117452
150.399,23.259406699226016
150.53799999999995,26.92582403567252
150.596,20.223748416156685
150.679,21.213203435596427
150.82299999999995,23.600847442411894
150.97799999999995,19.6468827043885
151.123,28.160255680657446
151.156,24.041630560342615
151.264,23.08679276123039
151.40200000000004,28.861739379323623
151.407,26.476404589747453
151.542,39.44616584663204
151.572,37.12142238654117
151.707,20.0
151.73,18.867962264113206
151.877,17.88854381999832
152.018,23.430749027719962
152.049,22.80350850198276
152.196,20.09975124224178
152.341,16.278820596099706
152.481,18.0
152.62,19.4164878389476
152.759,25.079872407968907
152.912,21.095023109728988
153.05100000000004,43.41658669218482
153.10399999999996,34.132096331752024
153.24200000000005,37.0
153.27,29.68164415931166
153.41299999999995,24.758836806279895
153.555,23.345235059857504
153.697,26.1725046566048
153.833,28.442925306655784
153.989,11.313708498984761
154.142,22.67156809750927
154.31,6.082762530298219
154.335,16.15549442140351
154.477,26.076809620810597
154.621,24.839484696748443
154.763,31.144823004794873
154.908,23.08679276123039
155.042,15.033296378372908
155.166,27.294688127912362
155.183,23.53720459187964
155.31799999999996,19.313207915827967
155.322,21.587033144922902
155.416,25.0
155.464,21.18962010041709
155.60299999999995,23.53720459187964
155.76,14.560219778561036
155.9,22.135943621178654
156.039,29.068883707497267
156.18200000000004,24.698178070456937
156.32299999999995,29.0
156.46,25.80697580112788
156.601,10.04987562112089
156.741,15.132745950421556
156.88,12.041594578792296
157.026,8.246211251235321
157.156,19.026297590440446
157.282,11.313708498984761
157.325,13.038404810405298
157.465,35.22782990761707
157.591,42.80186911806539
157.737,29.5296461204668
157.881,33.12099032335839
158.007,34.058772731852805
158.03,34.058772731852805
158.055,39.20459156782532
158.178,39.05124837953327
158.217,40.0
158.345,37.53664875824692
158.472,29.732137494637012
158.5,36.138621999185304
158.641,35.014282800023196
158.78,29.546573405388315
158.924,23.323807579381203
159.061,26.90724809414742
159.136,21.633307652783937
159.278,18.110770276274835
159.41899999999995,19.313207915827967
159.446,25.709920264364882
159.58100000000005,26.0
159.608,24.041630560342615
159.754,29.274562336608895
159.895,16.401219466856727
160.062,20.591260281974
160.203,19.1049731745428
160.344,27.65863337187866
160.494,37.33630940518894
160.643,26.30589287593181
160.781,26.68332812825267
160.92600000000004,29.206163733020468
160.988,24.08318915758459
161.078,32.31098884280702
161.108,32.202484376209235
161.234,25.079872407968907
161.359,32.01562118716424
161.484,36.05551275463989
161.611,44.553338819890925
161.709,22.80350850198276
161.717,35.014282800023196
161.733,30.0
161.741,35.510561809129406
161.746,29.832867780352597
161.882,31.38470965295043
162.02100000000004,37.64306044943742
162.135,12.529964086141668
162.159,38.01315561749642
162.184,35.4400902933387
162.194,10.44030650891055
162.34,33.61547262794322
162.481,32.28002478313795
162.622,37.05401462729781
162.746,28.635642126552707
162.873,37.64306044943742
163.016,34.20526275297414
163.043,37.013511046643494
163.083,33.13608305156178
163.195,33.0
163.21200000000005,31.38470965295043
163.35399999999996,37.73592452822641
163.435,24.839484696748443
163.494,36.68787265568828
163.549,33.015148038438355
163.56,25.0
163.566,25.298221281347036
163.57,32.7566787083184
163.58,39.20459156782532
163.585,23.323807579381203
163.592,33.421549934136806
163.6,42.0
163.619,33.60059523282288
163.63,31.38470965295043
163.635,31.38470965295043
163.656,34.92849839314596
163.685,32.802438933713454
163.725,31.622776601683793
163.751,39.408120990476064
163.778,25.942243542145693
163.786,42.5440947723653
163.793,38.28837943815329
163.8,25.495097567963924
163.82399999999996,41.72529209005013
163.828,36.89173349139343
163.873,38.01315561749642
163.90099999999995,44.181444068749045
163.93,26.076809620810597
163.959,21.95449840010015
163.986,26.476404589747453
164.017,26.019223662515376
164.15099999999995,27.784887978899608
164.18599999999995,18.867962264113206
164.217,26.076809620810597
164.243,26.019223662515376
164.271,27.586228448267445
164.27599999999995,24.041630560342615
164.283,28.442925306655784
164.292,28.231188426986208
164.3,25.495097567963924
164.305,23.194827009486403
164.458,22.825424421026653
164.597,22.360679774997898
164.739,21.213203435596427
164.854,19.72308292331602
164.859,26.570660511172846
164.878,26.832815729997478
165.02599999999995,19.849433241279208
165.176,22.67156809750927
165.18099999999995,34.058772731852805
165.19099999999997,33.421549934136806
165.2,32.2490309931942
165.209,31.304951684997057
165.321,34.17601498127012
165.386,32.14031735997639
165.391,33.24154027718932
165.4,37.44329045369811
165.408,32.0
165.42,23.194827009486403
165.43200000000004,37.33630940518894
165.44099999999997,38.01315561749642
165.457,37.64306044943742
165.46099999999996,35.0
165.475,31.25699921617557
165.484,27.202941017470888
165.493,24.515301344262525
165.502,23.345235059857504
165.513,30.083217912982647
165.533,25.709920264364882
165.544,24.596747752497688
165.57,24.08318915758459
165.578,19.72308292331602
165.59099999999995,21.93171219946131
165.59900000000005,18.601075237738275
165.604,14.317821063276353
165.612,11.661903789690601
165.62400000000005,18.439088914585774
165.63099999999997,16.278820596099706
165.66400000000004,10.0
165.803,14.866068747318506
165.827,13.892443989449804
165.96200000000005,6.708203932499369
166.102,36.359317925395686
166.24200000000005,25.079872407968907
166.37,33.54101966249684
166.386,34.23448553724738
166.399,36.124783736376884
166.426,38.2099463490856
166.453,23.021728866442675
166.59599999999998,31.89043743820395
166.741,23.021728866442675
166.88099999999997,30.4138126514911
167.02,22.847319317591726
167.15900000000005,15.033296378372908
167.3,22.80350850198276
167.442,35.35533905932738
167.582,33.06055050963308
167.72099999999998,29.698484809834994
167.747,19.235384061671343
167.87,22.02271554554524
167.933,32.28002478313795
168.003,29.546573405388315
168.143,29.732137494637012
168.282,17.804493814764857
168.386,22.135943621178654
168.42,21.587033144922902
168.446,18.384776310850235
168.47099999999998,16.401219466856727
168.61,24.20743687382041
168.75799999999995,13.601470508735444
168.90200000000004,10.63014581273465
169.047,17.4928556845359
169.188,21.93171219946131
169.31599999999997,46.51881339845203
169.47,34.058772731852805
169.609,17.0
169.64700000000005,15.231546211727817
169.79,10.44030650891055
169.937,31.04834939252005
170.078,27.202941017470888
170.22099999999998,21.0
170.36,36.013886210738214
170.50099999999995,10.44030650891055
170.63099999999997,28.635642126552707
170.755,40.11234224026316
170.898,34.713109915419565
171.03900000000004,35.35533905932738
171.18,31.240998703626616
171.322,24.73863375370596
171.352,27.80287754891569
171.497,23.259406699226016
171.641,26.248809496813376
171.78,25.0
171.92,13.416407864998739
172.06099999999995,18.384776310850235
172.2,12.041594578792296
172.33900000000003,32.64965543462902
172.395,32.0624390837628
172.477,28.460498941515414
172.61900000000003,12.649110640673518
172.737,16.278820596099706
172.75400000000005,18.973665961010276
172.764,21.18962010041709
172.77200000000005,22.090722034374522
172.78400000000005,20.0
172.794,15.524174696260024
172.835,21.18962010041709
172.888,21.02379604162864
172.899,15.524174696260024
172.90599999999995,20.396078054371138
172.91299999999995,20.808652046684813
172.983,24.20743687382041
173.023,19.697715603592208
173.02700000000004,16.15549442140351
173.03799999999995,17.72004514666935
173.042,12.0
173.06,10.295630140987
173.06400000000005,10.44030650891055
173.075,21.02379604162864
173.079,13.038404810405298
173.09099999999995,15.811388300841896
173.09799999999996,15.297058540778355
173.106,22.67156809750927
173.114,23.769728648009426
173.12099999999995,22.561028345356956
173.136,25.317977802344327
173.143,23.08679276123039
173.15400000000002,17.69180601295413
173.16099999999997,18.110770276274835
173.166,19.849433241279208
173.299,25.079872407968907
173.426,27.018512172212592
173.467,27.730849247724095
173.49599999999995,24.331050121192877
173.595,18.027756377319946
173.602,12.649110640673518
173.611,15.132745950421556
173.62400000000005,15.811388300841896
173.628,7.0710678118654755
173.66099999999997,10.0
173.68599999999995,17.204650534085253
173.69,16.0312195418814
173.796,10.770329614269007
173.82299999999995,7.280109889280518
173.889,8.06225774829855
173.893,6.4031242374328485
173.951,9.486832980505138
174.093,25.298221281347036
174.118,14.212670403551895
174.172,20.615528128088304
174.2,18.439088914585774
174.328,24.73863375370596
174.352,20.0
174.395,20.808652046684813
174.547,26.419689627245813
174.676,20.615528128088304
174.81099999999995,19.4164878389476
174.93900000000005,8.54400374531753
174.94799999999995,12.0
174.953,9.433981132056603
174.96,10.63014581273465
174.96900000000005,6.0
174.982,10.770329614269007
175.012,18.867962264113206
175.041,11.40175425099138
175.183,27.65863337187866
175.31099999999995,29.410882339705484
175.435,28.178005607210743
175.56,24.20743687382041
175.65,30.886890422961002
175.658,31.38470965295043
175.667,27.51363298439521
175.674,22.20360331117452
175.69799999999995,29.5296461204668
175.84,31.76476034853718
175.87,28.861739379323623
176.018,28.635642126552707
176.15900000000005,28.071337695236398
176.298,28.30194339616981
176.438,30.528675044947494
176.581,26.627053911388696
176.72,27.073972741361768
176.859,27.073972741361768
176.99900000000005,19.6468827043885
177.14,23.0
177.282,30.870698080866262
177.42,21.400934559032695
177.56,34.20526275297414
177.69799999999995,27.730849247724095
177.84599999999998,25.942243542145693
177.984,28.319604517012593
178.125,26.627053911388696
178.266,26.0
178.41400000000004,21.470910553583888
178.55900000000003,17.029386365926403
178.701,12.649110640673518
178.84099999999995,15.0
178.981,19.235384061671343
179.139,12.165525060596439
179.237,27.202941017470888
179.28099999999995,23.021728866442675
179.421,15.620499351813308
179.458,13.601470508735444
179.468,11.313708498984761
179.475,20.09975124224178
179.48,9.486832980505138
179.489,14.422205101855956
179.576,19.924858845171276
179.71900000000005,17.0
179.861,19.313207915827967
180.0,16.492422502470642
180.02900000000002,21.0
180.17,27.730849247724095
180.32,46.010868281309364
180.417,14.142135623730951
180.465,23.430749027719962
180.601,27.018512172212592
180.746,26.92582403567252
180.775,19.697715603592208
180.904,19.4164878389476
181.041,19.924858845171276
181.18,25.179356624028344
181.32,22.80350850198276
181.46,26.92582403567252
181.603,28.0
181.749,24.351591323771842
181.895,22.0
182.041,28.0178514522438
182.179,25.495097567963924
182.321,22.360679774997898
182.347,26.90724809414742
182.49400000000003,30.59411708155671
182.638,29.5296461204668
182.779,28.653097563788805
182.92,33.61547262794322
183.081,25.495097567963924
183.222,25.179356624028344
183.364,14.212670403551895
183.504,14.142135623730951
183.64,20.0
183.773,18.027756377319946
183.915,21.213203435596427
183.941,18.0
184.013,21.02379604162864
184.083,19.209372712298546
184.111,24.08318915758459
184.257,5.0
184.399,15.652475842498529
184.54,3.605551275463989
184.678,17.26267650163207
184.707,20.518284528683193
184.852,13.0
184.988,19.1049731745428
185.006,21.400934559032695
185.027,16.1245154965971
185.052,15.0
185.194,23.40939982143925
185.342,33.24154027718932
185.36900000000003,24.186773244895647
185.516,23.08679276123039
185.657,18.384776310850235
185.797,13.601470508735444
185.95,16.64331697709324
186.095,18.24828759089466
186.245,17.029386365926403
186.393,17.0
186.557,26.92582403567252
186.705,12.165525060596439
186.831,15.620499351813308
186.858,21.0
187.006,18.027756377319946
187.011,14.866068747318506
187.147,15.132745950421556
187.177,15.297058540778355
187.315,16.278820596099706
187.333,21.02379604162864
187.337,21.02379604162864
187.346,22.20360331117452
187.364,22.47220505424423
187.373,18.0
187.478,23.194827009486403
187.622,15.811388300841896
187.759,17.08800749063506
187.901,24.758836806279895
187.927,26.68332812825267
188.062,27.313000567495326
188.088,23.769728648009426
188.233,11.180339887498949
188.272,8.48528137423857
188.316,27.586228448267445
188.405,13.45362404707371
188.542,10.63014581273465
188.565,20.248456731316587
188.712,13.038404810405298
188.881,32.526911934581186
189.023,20.615528128088304
189.164,24.08318915758459
189.194,27.294688127912362
189.337,24.020824298928627
189.36,34.058772731852805
189.49,27.85677655436824
189.634,34.655446902326915
189.661,36.124783736376884
189.799,34.92849839314596
189.94,33.54101966249684
190.101,6.324555320336759
190.274,16.76305461424021
190.3,15.264337522473747
190.316,21.93171219946131
190.441,38.18376618407357
190.58,15.652475842498529
190.721,28.460498941515414
190.861,36.49657518178932
190.998,17.4928556845359
191.025,19.4164878389476
191.138,6.4031242374328485
191.281,16.1245154965971
191.418,27.294688127912362
191.561,36.05551275463989
191.701,27.16615541441225
191.842,20.024984394500787
191.86900000000003,20.396078054371138
192.018,27.202941017470888
192.045,29.154759474226502
192.17,29.120439557122072
192.194,29.154759474226502
192.337,41.012193308819754
192.481,42.42640687119285
192.63,22.80350850198276
192.777,24.08318915758459
192.904,39.20459156782532
192.93400000000003,28.0178514522438
193.077,46.17358552246078
193.221,39.6232255123179
193.363,33.1058907144937
193.502,25.709920264364882
193.642,21.400934559032695
193.781,34.40930106817051
193.922,35.73513677041127
194.063,42.01190307520001
194.2,26.627053911388696
194.327,28.635642126552707
194.33900000000003,21.02379604162864
194.483,24.20743687382041
194.62,19.4164878389476
194.761,29.732137494637012
194.79,23.194827009486403
194.936,17.08800749063506
195.08,25.0
195.219,10.295630140987
195.36,16.15549442140351
195.391,18.384776310850235
195.396,12.083045973594572
195.404,15.524174696260024
195.412,18.681541692269406
195.422,18.788294228055936
195.447,20.248456731316587
195.461,21.2602916254693
195.47,21.400934559032695
195.483,31.04834939252005
195.496,19.026297590440446
195.502,28.160255680657446
195.506,20.248456731316587
195.511,18.384776310850235
195.52,20.0
195.532,16.1245154965971
195.546,23.769728648009426
195.555,22.80350850198276
195.567,22.47220505424423
195.582,21.213203435596427
195.6,20.248456731316587
195.604,19.313207915827967
195.617,17.72004514666935
195.627,18.788294228055936
195.637,18.384776310850235
195.669,16.0312195418814
195.716,20.615528128088304
195.816,15.652475842498529
195.957,35.73513677041127
196.096,27.16615541441225
196.117,19.849433241279208
196.126,25.298221281347036
196.139,19.6468827043885
196.236,22.627416997969522
196.262,17.11724276862369
196.391,22.67156809750927
196.537,25.495097567963924
196.608,28.30194339616981
196.68,10.0
196.823,19.72308292331602
196.956,18.027756377319946
196.976,21.0
197.12,20.615528128088304
197.258,18.027756377319946
197.398,22.80350850198276
197.539,23.021728866442675
197.68,19.313207915827967
197.821,23.259406699226016
197.96400000000003,23.345235059857504
198.107,20.591260281974
198.24400000000003,26.627053911388696
198.275,24.166091947189145
198.409,19.1049731745428
198.541,15.264337522473747
198.578,24.166091947189145
198.596,19.72308292331602
198.685,14.560219778561036
198.709,18.867962264113206
198.85,17.029386365926403
199.002,17.029386365926403
199.035,11.313708498984761
199.146,22.0
199.191,24.698178070456937
199.293,12.649110640673518
199.438,15.811388300841896
199.577,22.80350850198276
199.718,12.649110640673518
199.74400000000003,21.18962010041709
199.89,15.811388300841896
199.921,17.0
200.069,21.37755832643195
200.14,18.35755975068582
200.282,26.248809496813376
200.435,30.479501308256342
200.579,22.47220505424423
200.718,14.212670403551895
200.74400000000003,11.180339887498949
200.787,9.848857801796104
200.937,19.313207915827967
201.079,15.811388300841896
201.222,25.942243542145693
201.397,29.120439557122072
201.54,22.090722034374522
201.68,20.518284528683193
201.79,31.622776601683793
201.819,32.55764119219941
201.959,25.317977802344327
202.101,29.0
202.241,26.40075756488817
202.356,29.017236257093817
202.393,26.92582403567252
202.542,25.179356624028344
202.606,24.698178070456937
202.681,25.942243542145693
202.797,16.64331697709324
202.804,24.08318915758459
202.812,24.331050121192877
202.821,24.041630560342615
202.825,16.1245154965971
202.966,27.51363298439521
203.122,25.495097567963924
203.252,25.317977802344327
203.279,23.40939982143925
203.421,24.041630560342615
203.56,30.0
203.7,31.953090617340916
203.84,30.59411708155671
203.866,29.68164415931166
203.893,26.92582403567252
203.923,20.12461179749811
203.948,28.178005607210743
204.086,19.4164878389476
204.222,20.12461179749811
204.257,22.847319317591726
204.283,20.808652046684813
204.418,18.027756377319946
204.56,21.840329667841555
204.7,24.596747752497688
204.841,19.1049731745428
204.981,16.15549442140351
205.12,17.69180601295413
205.146,18.027756377319946
205.29,20.0
205.437,19.924858845171276
205.58,17.029386365926403
205.724,27.294688127912362
205.868,9.486832980505138
205.895,22.20360331117452
206.038,22.47220505424423
206.18,19.313207915827967
206.203,19.026297590440446
206.341,17.26267650163207
206.466,13.0
206.489,14.422205101855956
206.633,19.235384061671343
206.76,20.09975124224178
206.785,17.029386365926403
206.793,22.47220505424423
206.8,21.213203435596427
206.813,25.0
206.901,27.459060435491963
207.041,20.518284528683193
207.069,14.142135623730951
207.195,16.278820596099706
207.33900000000003,32.2490309931942
207.482,18.027756377319946
207.621,19.1049731745428
207.758,24.08318915758459
207.901,24.08318915758459
208.043,26.248809496813376
208.072,28.178005607210743
208.206,19.1049731745428
208.211,24.186773244895647
208.36,6.4031242374328485
208.5,10.04987562112089
208.64,10.0
208.782,21.0
208.919,21.840329667841555
209.05900000000003,24.698178070456937
209.202,26.627053911388696
209.343,34.655446902326915
209.481,26.248809496813376
209.624,14.866068747318506
209.759,25.495097567963924
209.902,29.120439557122072
210.046,23.323807579381203
210.074,15.0
210.098,19.026297590440446
210.227,14.422205101855956
210.266,10.295630140987
210.401,9.486832980505138
210.541,9.219544457292887
210.636,17.26267650163207
210.68400000000003,14.422205101855956
210.819,20.223748416156685
210.961,11.704699910719626
211.101,21.93171219946131
211.241,18.384776310850235
211.316,18.439088914585774
211.381,11.40175425099138
211.52,11.40175425099138
211.555,14.142135623730951
211.663,22.135943621178654
211.816,19.1049731745428
211.86,32.64965543462902
211.867,33.24154027718932
211.886,23.430749027719962
211.892,29.732137494637012
211.957,24.596747752497688
211.962,19.1049731745428
211.974,23.08679276123039
211.984,19.4164878389476
211.99,22.80350850198276
211.996,18.35755975068582
212.031,18.788294228055936
212.069,21.587033144922902
212.111,16.76305461424021
212.116,14.212670403551895
212.124,18.24828759089466
212.128,20.0
212.143,20.8806130178211
212.147,20.8806130178211
212.151,20.8806130178211
212.162,16.15549442140351
212.166,17.4928556845359
212.18,12.649110640673518
212.185,12.649110640673518
212.189,12.649110640673518
212.199,12.649110640673518
212.204,10.295630140987
212.211,10.770329614269007
212.215,11.40175425099138
212.219,17.69180601295413
212.227,13.45362404707371
212.232,10.816653826391969
212.239,13.038404810405298
212.354,11.045361017187261
212.377,8.246211251235321
212.521,13.45362404707371
212.645,19.0
212.721,30.4138126514911
212.728,19.4164878389476
212.74400000000003,26.92582403567252
212.755,31.064449134018133
212.781,34.828149534535996
212.814,34.058772731852805
212.95,34.88552708502482
212.981,39.84971769034255
213.122,33.54101966249684
213.262,26.40075756488817
213.401,28.792360097775937
213.425,33.13608305156178
213.45,28.635642126552707
213.492,31.144823004794873
213.515,32.28002478313795
213.64,26.92582403567252
213.667,28.178005607210743
213.793,18.35755975068582
213.852,11.661903789690601
213.861,11.045361017187261
213.868,10.295630140987
213.877,9.219544457292887
213.937,24.596747752497688
214.062,30.083217912982647
214.085,31.76476034853718
214.114,25.019992006393608
214.241,20.615528128088304
214.272,21.02379604162864
214.364,19.1049731745428
214.394,18.027756377319946
214.522,25.298221281347036
214.588,27.85677655436824
214.598,29.274562336608895
214.607,28.071337695236398
214.614,25.0
214.661,27.85677655436824
214.8,29.154759474226502
214.94,13.892443989449804
215.09,11.0
215.239,16.1245154965971
215.366,13.416407864998739
215.382,8.602325267042627
215.52,26.40075756488817
215.546,18.027756377319946
215.666,18.681541692269406
215.691,15.132745950421556
215.829,6.082762530298219
215.969,12.529964086141668
216.106,14.035668847618199
216.245,11.313708498984761
216.385,10.63014581273465
216.52,9.486832980505138
216.545,7.0710678118654755
216.681,12.727922061357855
216.818,10.295630140987
216.971,18.110770276274835
217.106,24.758836806279895
217.253,25.019992006393608
217.366,22.847319317591726
217.4,25.942243542145693
217.542,19.72308292331602
217.567,21.93171219946131
217.697,10.63014581273465
217.734,13.601470508735444
217.763,20.223748416156685
217.793,13.152946437965905
217.82,19.72308292331602
217.824,12.649110640673518
217.831,19.235384061671343
217.841,20.12461179749811
217.848,21.02379604162864
217.966,16.55294535724685
217.971,16.401219466856727
217.976,12.083045973594572
217.982,12.529964086141668
217.991,19.235384061671343
217.995,11.045361017187261
218.0,17.69180601295413
218.01,12.727922061357855
218.014,20.09975124224178
218.024,17.46424919657298
218.029,14.560219778561036
218.041,17.0
218.048,19.0
218.053,15.132745950421556
218.064,22.090722034374522
218.068,15.0
218.078,17.46424919657298
218.085,18.601075237738275
218.141,19.697715603592208
218.262,13.92838827718412
218.386,21.37755832643195
218.395,22.825424421026653
218.511,18.601075237738275
218.522,9.899494936611665
218.53,14.317821063276353
218.54,14.035668847618199
218.549,15.811388300841896
218.553,16.97056274847714
218.685,41.593268686170845
218.816,26.627053911388696
218.957,25.495097567963924
218.985,19.209372712298546
219.115,18.35755975068582
219.139,21.095023109728988
219.177,15.033296378372908
219.206,14.866068747318506
219.238,20.808652046684813
219.268,21.95449840010015
219.399,22.47220505424423
219.533,24.351591323771842
219.663,23.021728866442675
219.723,24.08318915758459
219.734,38.27531841800928
219.761,23.08679276123039
219.77,26.476404589747453
219.8,25.96150997149434
219.924,24.041630560342615
220.049,21.37755832643195
220.173,18.110770276274835
220.204,17.26267650163207
220.341,24.041630560342615
220.368,25.079872407968907
220.394,23.40939982143925
220.47,21.400934559032695
220.481,25.179356624028344
220.49,17.804493814764857
220.501,16.401219466856727
220.538,23.345235059857504
220.682,18.601075237738275
220.706,19.72308292331602
220.853,14.317821063276353
220.997,19.235384061671343
221.012,22.090722034374522
221.139,25.80697580112788
221.28,26.248809496813376
221.375,31.76476034853718
221.415,33.83784863137726
221.552,30.610455730027933
221.58,27.294688127912362
221.617,23.769728648009426
221.743,16.492422502470642
221.877,23.021728866442675
222.0,25.079872407968907
222.14,24.413111231467404
222.278,27.586228448267445
222.419,26.40075756488817
222.55900000000003,19.4164878389476
222.699,25.709920264364882
222.84,27.784887978899608
222.979,15.556349186104045
223.121,19.4164878389476
223.259,23.021728866442675
223.399,27.730849247724095
223.54,29.0
223.564,27.202941017470888
223.705,32.0
223.842,24.08318915758459
223.866,25.612496949731394
223.894,27.51363298439521
224.038,26.248809496813376
224.18,27.784887978899608
224.318,25.317977802344327
224.461,20.518284528683193
224.601,63.694583757176716
224.759,23.853720883753127
224.892,26.248809496813376
225.039,30.01666203960727
225.183,32.69556544854363
225.321,20.396078054371138
225.446,24.698178070456937
225.45,24.698178070456937
225.465,27.294688127912362
225.482,27.80287754891569
225.491,29.154759474226502
225.503,26.627053911388696
225.515,26.92582403567252
225.525,20.396078054371138
225.537,28.0178514522438
225.547,28.178005607210743
225.555,26.40075756488817
225.566,20.09975124224178
225.582,30.01666203960727
225.599,30.01666203960727
225.611,30.805843601498726
225.62,30.805843601498726
225.624,23.08679276123039
225.632,24.839484696748443
225.646,29.5296461204668
225.657,31.11269837220809
225.668,29.614185789921695
225.677,30.4138126514911
225.768,29.732137494637012
225.927,26.076809620810597
226.076,29.274562336608895
226.1,29.068883707497267
226.126,27.16615541441225
226.146,17.08800749063506
226.271,29.154759474226502
226.302,25.317977802344327
226.337,29.274562336608895
226.372,29.206163733020468
226.377,21.400934559032695
226.445,25.0
226.48,29.410882339705484
226.61900000000003,33.83784863137726
226.76,18.384776310850235
226.902,38.07886552931954
227.058,46.09772228646444
227.203,30.364452901377952
227.338,36.76955262170047
227.478,42.579337712087536
227.505,38.3275357934736
227.534,36.345563690772494
227.677,26.92582403567252
227.701,28.653097563788805
227.83900000000003,22.847319317591726
227.983,28.442925306655784
228.115,21.587033144922902
228.247,22.67156809750927
228.385,32.0
228.445,31.144823004794873
228.521,20.248456731316587
228.553,35.4682957019364
228.712,23.430749027719962
228.86,21.095023109728988
228.999,22.02271554554524
229.036,15.811388300841896
229.187,29.017236257093817
229.225,36.61966684720111
229.381,26.40075756488817
229.395,25.019992006393608
229.459,16.1245154965971
229.524,20.248456731316587
229.671,30.14962686336267
229.818,31.78049716414141
229.961,27.202941017470888
230.095,26.419689627245813
230.237,29.0
230.376,18.867962264113206
230.518,35.0
230.667,18.681541692269406
230.804,23.853720883753127
230.831,33.06055050963308
230.859,34.655446902326915
231.002,29.068883707497267
231.143,31.575306807693888
231.298,29.068883707497267
231.323,21.95449840010015
231.476,34.0147027033899
231.617,33.015148038438355
231.641,31.064449134018133
231.779,33.94112549695428
231.912,33.37663853655727
231.957,31.76476034853718
231.973,34.36568055487916
231.984,37.589892258425
231.993,27.85677655436824
232.047,36.359317925395686
232.051,26.40075756488817
232.05900000000003,38.47076812334269
232.065,33.60059523282288
232.075,33.54101966249684
232.155,25.079872407968907
232.165,25.495097567963924
232.172,24.041630560342615
232.176,25.96150997149434
232.182,19.235384061671343
232.189,26.076809620810597
232.194,21.400934559032695
232.202,25.059928172283335
232.209,27.294688127912362
232.227,24.041630560342615
232.24,25.632011235952593
232.247,25.942243542145693
232.272,29.206163733020468
232.322,27.586228448267445
232.451,31.016124838541646
232.456,22.825424421026653
232.59,22.0
232.672,26.419689627245813
232.68,29.966648127543394
232.689,27.586228448267445
232.701,27.0
232.737,26.0
232.768,27.018512172212592
232.803,25.632011235952593
232.828,28.284271247461902
232.854,28.284271247461902
232.88,28.442925306655784
233.007,26.90724809414742
233.034,27.202941017470888
233.158,26.92582403567252
233.301,27.16615541441225
233.326,28.653097563788805
233.354,26.92582403567252
233.39,27.202941017470888
233.518,21.400934559032695
233.649,31.240998703626616
233.781,31.016124838541646
233.894,28.178005607210743
233.903,26.90724809414742
233.907,30.479501308256342
233.915,26.476404589747453
233.927,22.360679774997898
234.032,35.4682957019364
234.175,22.02271554554524
234.308,26.30589287593181
234.433,24.041630560342615
234.56,19.1049731745428
234.609,20.615528128088304
234.616,25.495097567963924
234.623,26.019223662515376
234.631,26.627053911388696
234.698,30.4138126514911
234.838,26.1725046566048
234.984,30.805843601498726
235.121,29.206163733020468
235.258,19.313207915827967
235.414,26.1725046566048
235.561,26.627053911388696
235.701,29.410882339705484
235.841,28.30194339616981
235.982,27.202941017470888
236.11900000000003,23.706539182259394
236.262,25.079872407968907
236.399,24.08318915758459
236.532,26.0
236.659,23.08679276123039
236.697,20.8806130178211
236.723,14.212670403551895
236.846,23.53720459187964
236.873,20.615528128088304
237.015,19.697715603592208
237.138,21.470910553583888
237.167,23.021728866442675
237.307,18.027756377319946
237.446,20.09975124224178
237.486,21.400934559032695
237.631,16.1245154965971
237.66,15.556349186104045
237.8,26.0
237.954,16.278820596099706
238.103,22.47220505424423
238.231,22.360679774997898
238.359,26.1725046566048
238.502,24.041630560342615
238.66,21.095023109728988
238.8,17.0
238.941,13.0
239.082,21.02379604162864
239.223,24.020824298928627
239.36,16.278820596099706
239.389,24.08318915758459
239.527,21.37755832643195
239.673,21.2602916254693
239.698,20.615528128088304
239.83900000000003,21.93171219946131
239.866,14.035668847618199
239.904,19.235384061671343
239.945,16.76305461424021
240.092,19.026297590440446
240.237,23.853720883753127
240.382,19.4164878389476
240.475,15.297058540778355
240.526,15.524174696260024
240.661,18.867962264113206
240.791,11.045361017187261
240.936,18.027756377319946
241.081,22.80350850198276
241.225,17.88854381999832
241.36,14.7648230602334
241.482,21.470910553583888
241.491,10.0
241.499,13.341664064126334
241.503,16.64331697709324
241.521,18.110770276274835
241.656,16.0
241.8,16.0312195418814
241.941,16.278820596099706
242.071,19.235384061671343
242.105,19.026297590440446
242.24,17.029386365926403
242.38,15.264337522473747
242.416,9.848857801796104
242.574,5.0
242.717,14.035668847618199
242.862,13.0
243.01,8.246211251235321
243.152,12.041594578792296
243.297,28.284271247461902
243.437,16.492422502470642
243.58,21.37755832643195
243.719,22.135943621178654
243.748,18.027756377319946
243.893,21.095023109728988
244.04,24.166091947189145
244.179,26.832815729997478
244.318,23.853720883753127
244.462,20.591260281974
244.468,22.360679774997898
244.498,24.596747752497688
244.605,19.4164878389476
244.743,19.1049731745428
244.901,22.67156809750927
245.041,18.439088914585774
245.174,23.021728866442675
245.185,23.853720883753127
245.233,26.68332812825267
245.324,35.17101079013795
245.463,27.784887978899608
245.61,18.027756377319946
245.634,29.154759474226502
245.78,24.186773244895647
245.805,18.110770276274835
245.951,25.80697580112788
245.98,26.90724809414742
246.118,18.788294228055936
246.268,27.65863337187866
246.399,19.1049731745428
246.539,27.65863337187866
246.666,22.561028345356956
246.815,25.632011235952593
246.958,27.784887978899608
247.091,30.4138126514911
247.121,26.92582403567252
247.26,21.95449840010015
247.399,29.154759474226502
247.548,17.11724276862369
247.579,8.94427190999916
247.718,23.194827009486403
247.748,24.698178070456937
247.891,27.80287754891569
248.037,12.727922061357855
248.179,16.1245154965971
248.308,22.20360331117452
248.435,17.46424919657298
248.58,17.69180601295413
248.719,23.769728648009426
248.859,21.840329667841555
248.999,23.323807579381203
249.028,17.804493814764857
249.052,23.323807579381203
249.198,22.360679774997898
249.33900000000003,22.135943621178654
249.479,19.4164878389476
249.622,23.600847442411894
249.763,12.649110640673518
249.904,14.317821063276353
250.04,15.556349186104045
250.17,18.681541692269406
250.316,19.0
250.455,23.259406699226016
250.601,22.825424421026653
250.74,20.09975124224178
250.882,24.515301344262525
251.024,27.459060435491963
251.163,31.89043743820395
251.192,31.04834939252005
251.337,30.59411708155671
251.361,27.730849247724095
251.386,29.068883707497267
251.541,28.284271247461902
251.675,27.51363298439521
251.702,27.892651361962706
251.737,21.93171219946131
251.763,24.20743687382041
251.9,28.071337695236398
252.039,33.12099032335839
252.187,24.698178070456937
252.334,23.345235059857504
252.481,28.178005607210743
252.618,35.0
252.76,32.64965543462902
252.784,30.01666203960727
252.922,22.135943621178654
253.05900000000003,26.476404589747453
253.198,27.202941017470888
253.337,23.430749027719962
253.475,29.732137494637012
253.5,29.068883707497267
253.638,22.090722034374522
253.661,16.1245154965971
253.799,16.0
253.94,24.08318915758459
254.079,25.612496949731394
254.218,22.825424421026653
254.361,22.090722034374522
254.389,21.470910553583888
254.543,22.47220505424423
254.547,19.235384061671343
254.552,19.235384061671343
254.7,24.351591323771842
254.855,29.427877939124322
254.999,22.80350850198276
255.14,26.076809620810597
255.279,25.495097567963924
255.423,19.72308292331602
255.45,16.278820596099706
255.455,15.264337522473747
255.459,15.231546211727817
255.467,29.154759474226502
255.471,20.808652046684813
255.487,70.32780389006896
255.491,34.20526275297414
255.504,23.600847442411894
255.514,31.953090617340916
255.525,28.600699292150182
255.534,19.849433241279208
255.544,25.80697580112788
255.557,28.284271247461902
255.562,29.0
255.567,18.973665961010276
255.572,24.331050121192877
255.584,24.041630560342615
255.599,23.40939982143925
255.613,26.248809496813376
255.622,26.570660511172846
255.63,26.476404589747453
255.639,32.55764119219941
255.657,28.442925306655784
255.669,35.77708763999664
255.677,39.81205847478876
255.693,38.48376280978771
255.704,42.720018726587654
255.713,41.43669871020132
255.774,30.14962686336267
255.858,31.064449134018133
255.997,27.80287754891569
256.022,28.0178514522438
256.176,26.0
256.189,24.73863375370596
256.317,28.460498941515414
256.345,27.202941017470888
256.435,30.14962686336267
256.488,30.083217912982647
256.634,29.154759474226502
256.641,19.4164878389476
256.646,28.442925306655784
256.656,29.832867780352597
256.779,32.202484376209235
256.921,32.64965543462902
257.004,29.614185789921695
257.059,36.40054944640259
257.198,33.015148038438355
257.341,30.4138126514911
257.48400000000004,24.515301344262525
257.524,23.021728866442675
257.559,21.95449840010015
257.587,21.470910553583888
257.626,23.769728648009426
257.634,24.758836806279895
257.642,24.758836806279895
257.652,25.298221281347036
257.72900000000004,24.839484696748443
257.877,23.53720459187964
257.91200000000003,24.166091947189145
258.043,27.65863337187866
258.068,15.811388300841896
258.212,25.96150997149434
258.342,23.345235059857504
258.435,24.0
258.481,20.248456731316587
258.508,26.419689627245813
258.621,14.866068747318506
258.652,21.633307652783937
258.657,21.840329667841555
258.685,23.706539182259394
258.713,24.166091947189145
258.883,20.8806130178211
259.029,23.323807579381203
259.193,16.1245154965971
259.336,27.730849247724095
259.464,23.345235059857504
259.61,21.400934559032695
259.731,22.02271554554524
259.758,20.248456731316587
259.898,27.202941017470888
260.039,30.59411708155671
260.194,25.709920264364882
260.22,27.65863337187866
260.362,27.313000567495326
260.5,26.476404589747453
260.639,28.319604517012593
260.78,30.805843601498726
260.922,21.93171219946131
261.072,28.442925306655784
261.214,26.419689627245813
261.357,30.675723300355934
261.514,27.294688127912362
261.668,38.41874542459709
261.807,34.713109915419565
261.826,31.064449134018133
261.953,33.12099032335839
262.098,30.083217912982647
262.245,29.154759474226502
262.391,30.59411708155671
262.445,30.083217912982647
262.533,27.459060435491963
262.666,30.0
262.67900000000003,34.17601498127012
262.82,36.138621999185304
262.962,30.528675044947494
263.10200000000003,22.80350850198276
263.242,31.064449134018133
263.279,30.066592756745816
263.422,28.284271247461902
263.562,25.238858928247925
263.701,31.38470965295043
263.742,23.430749027719962
263.814,30.083217912982647
263.959,20.8806130178211
264.106,28.30194339616981
264.138,33.1058907144937
264.183,31.144823004794873
264.191,31.016124838541646
264.198,28.653097563788805
264.206,31.89043743820395
264.278,32.802438933713454
264.42,27.202941017470888
264.553,25.495097567963924
264.594,26.019223662515376
264.693,29.614185789921695
264.836,26.92582403567252
264.97900000000004,28.0178514522438
265.126,25.019992006393608
265.28,33.97057550292606
265.42,29.966648127543394
265.445,30.4138126514911
265.57,26.1725046566048
265.585,27.294688127912362
265.716,32.802438933713454
265.857,32.55764119219941
266.016,26.90724809414742
266.159,27.784887978899608
266.297,29.0
266.42400000000004,25.079872407968907
266.435,23.40939982143925
266.555,26.076809620810597
266.591,31.622776601683793
266.649,25.45584412271571
266.664,19.4164878389476
266.671,25.612496949731394
266.682,32.55764119219941
267.045,27.073972741361768
267.6,32.01562118716424
268.0,28.635642126552707
268.264,27.784887978899608
268.66200000000003,22.67156809750927
269.766,36.49657518178932
270.16200000000003,37.48332962798263
270.491,29.614185789921695
270.677,32.55764119219941
270.891,20.615528128088304
271.612,29.427877939124322
272.01,26.627053911388696
273.017,21.095023109728988
